customer_id,signup_date,region,segment,acquisition_channel
CUST-00001,2024-09-14,UK,Consumer,Paid Search
CUST-00002,2025-01-25,Germany,Consumer,Direct
CUST-00003,2026-03-05,Germany,Consumer,Partner
CUST-00004,2024-03-18,US,SMB,Direct
CUST-00005,2024-11-29,UK,SMB,Paid Search
CUST-00006,2025-06-25,India,Enterprise,Direct
CUST-00007,2025-09-20,Germany,Mid-Market,Referral
CUST-00008,2025-02-16,UK,Consumer,Partner
CUST-00009,2025-03-11,UK,Mid-Market,Direct
CUST-00010,2024-01-29,India,Enterprise,Partner
CUST-00011,2025-10-04,US,Mid-Market,Paid Search
CUST-00012,2025-03-14,US,Consumer,Organic
CUST-00013,2025-12-18,India,SMB,Partner
CUST-00014,2024-01-28,US,Consumer,Organic
CUST-00015,2025-04-25,UK,SMB,Referral
CUST-00016,2026-01-31,Germany,Enterprise,Referral
CUST-00017,2026-02-14,UK,Consumer,Referral
CUST-00018,2025-08-31,India,Consumer,Partner
CUST-00019,2024-05-15,US,Mid-Market,Referral
CUST-00020,2025-09-15,US,Consumer,Direct
CUST-00021,2025-02-21,Germany,SMB,Referral
CUST-00022,2026-03-27,India,Enterprise,Referral
CUST-00023,2024-10-21,India,SMB,Paid Search
CUST-00024,2024-01-26,UK,Mid-Market,Direct
CUST-00025,2024-11-20,India,Consumer,Referral
CUST-00026,2025-09-16,UAE,SMB,Direct
CUST-00027,2026-04-08,US,Consumer,Partner
CUST-00028,2024-01-18,India,Mid-Market,Paid Search
CUST-00029,2026-02-01,UK,SMB,Referral
CUST-00030,2024-07-20,Germany,Consumer,Partner
CUST-00031,2024-04-26,US,Mid-Market,Partner
CUST-00032,2024-02-17,UK,SMB,Partner
CUST-00033,2025-04-08,UK,Mid-Market,Direct
CUST-00034,2025-02-17,US,Consumer,Direct
CUST-00035,2025-10-22,UK,Mid-Market,Partner
CUST-00036,2024-12-27,UAE,SMB,Organic
CUST-00037,2024-12-17,UK,Consumer,Organic
CUST-00038,2026-04-18,UAE,Consumer,Direct
CUST-00039,2024-09-06,US,Consumer,Organic
CUST-00040,2024-10-23,US,Enterprise,Partner
CUST-00041,2024-09-02,India,SMB,Referral
CUST-00042,2025-05-30,UAE,SMB,Direct
CUST-00043,2024-10-19,Germany,SMB,Organic
CUST-00044,2025-04-26,UAE,SMB,Organic
CUST-00045,2025-10-11,UK,SMB,Partner
CUST-00046,2024-06-01,UK,Enterprise,Paid Search
CUST-00047,2024-02-19,UAE,Mid-Market,Direct
CUST-00048,2025-04-12,US,Consumer,Partner
CUST-00049,2024-08-14,India,Mid-Market,Direct
CUST-00050,2024-10-18,Germany,Consumer,Direct
CUST-00051,2024-08-04,UAE,Consumer,Direct
CUST-00052,2025-11-02,Germany,SMB,Partner
CUST-00053,2024-11-07,UK,SMB,Partner
CUST-00054,2024-09-16,India,Mid-Market,Direct
CUST-00055,2024-03-14,UAE,SMB,Paid Search
CUST-00056,2024-10-21,Germany,Consumer,Organic
CUST-00057,2024-10-15,US,Consumer,Direct
CUST-00058,2024-12-31,Germany,Consumer,Paid Search
CUST-00059,2025-09-05,India,Consumer,Direct
CUST-00060,2024-02-28,UK,Enterprise,Paid Search
CUST-00061,2025-06-18,India,Consumer,Referral
CUST-00062,2024-03-20,UK,Consumer,Referral
CUST-00063,2024-03-16,US,SMB,Direct
CUST-00064,2024-05-19,UK,Consumer,Referral
CUST-00065,2026-06-27,UK,Consumer,Organic
CUST-00066,2026-02-02,UK,Consumer,Referral
CUST-00067,2025-06-10,India,Consumer,Organic
CUST-00068,2025-01-26,US,Mid-Market,Referral
CUST-00069,2026-03-11,UK,Consumer,Paid Search
CUST-00070,2026-06-22,UK,Enterprise,Referral
CUST-00071,2025-12-07,Germany,Consumer,Organic
CUST-00072,2026-02-27,Germany,Mid-Market,Referral
CUST-00073,2026-04-09,Germany,Enterprise,Paid Search
CUST-00074,2025-11-07,UK,Consumer,Paid Search
CUST-00075,2024-10-15,US,SMB,Direct
CUST-00076,2025-12-25,Germany,Consumer,Partner
CUST-00077,2024-06-10,India,Mid-Market,Partner
CUST-00078,2024-03-07,UK,Enterprise,Organic
CUST-00079,2025-04-08,Germany,Mid-Market,Referral
CUST-00080,2026-04-12,UAE,SMB,Organic
CUST-00081,2026-06-29,Germany,SMB,Paid Search
CUST-00082,2024-02-13,US,SMB,Referral
CUST-00083,2025-02-21,UK,Consumer,Partner
CUST-00084,2024-11-30,UK,SMB,Referral
CUST-00085,2024-09-09,India,SMB,Paid Search
CUST-00086,2025-04-23,UK,Consumer,Organic
CUST-00087,2024-11-03,US,Consumer,Referral
CUST-00088,2024-04-22,Germany,Consumer,Organic
CUST-00089,2024-07-07,US,SMB,Referral
CUST-00090,2025-05-15,UK,Mid-Market,Partner
CUST-00091,2025-08-02,UK,SMB,Organic
CUST-00092,2024-01-20,UK,Mid-Market,Referral
CUST-00093,2025-05-29,UAE,Consumer,Partner
CUST-00094,2025-08-24,India,SMB,Partner
CUST-00095,2024-03-10,UK,Mid-Market,Organic
CUST-00096,2024-11-07,US,Mid-Market,Partner
CUST-00097,2024-09-27,UK,Mid-Market,Organic
CUST-00098,2024-12-25,Germany,Enterprise,Direct
CUST-00099,2024-12-30,Germany,Consumer,Partner
CUST-00100,2024-09-06,Germany,Consumer,Organic
CUST-00101,2024-08-03,US,Consumer,Partner
CUST-00102,2025-03-08,UK,SMB,Referral
CUST-00103,2025-12-08,UK,Mid-Market,Paid Search
CUST-00104,2026-02-28,UAE,SMB,Referral
CUST-00105,2024-02-03,India,Mid-Market,Referral
CUST-00106,2024-08-17,Germany,Consumer,Paid Search
CUST-00107,2026-01-03,India,Consumer,Partner
CUST-00108,2025-02-05,UK,SMB,Partner
CUST-00109,2025-02-22,US,Enterprise,Organic
CUST-00110,2024-09-26,UK,SMB,Direct
CUST-00111,2025-12-27,India,SMB,Direct
CUST-00112,2025-01-04,UAE,Mid-Market,Partner
CUST-00113,2024-03-26,India,Mid-Market,Organic
CUST-00114,2025-02-23,US,Mid-Market,Referral
CUST-00115,2024-12-05,India,SMB,Paid Search
CUST-00116,2024-09-21,Germany,Consumer,Organic
CUST-00117,2025-07-01,US,Mid-Market,Referral
CUST-00118,2024-12-19,UK,SMB,Direct
CUST-00119,2026-06-29,UK,SMB,Paid Search
CUST-00120,2024-04-05,UK,SMB,Paid Search
CUST-00121,2025-10-06,UK,Consumer,Direct
CUST-00122,2024-02-08,India,Consumer,Referral
CUST-00123,2025-08-27,Germany,Consumer,Partner
CUST-00124,2024-01-23,Germany,Consumer,Partner
CUST-00125,2025-05-23,UK,Enterprise,Paid Search
CUST-00126,2024-04-08,US,Mid-Market,Partner
CUST-00127,2026-02-07,Germany,Consumer,Referral
CUST-00128,2024-07-01,Germany,Mid-Market,Paid Search
CUST-00129,2025-05-17,UK,Consumer,Paid Search
CUST-00130,2025-09-28,India,Enterprise,Partner
CUST-00131,2024-02-02,UAE,Mid-Market,Organic
CUST-00132,2025-09-12,UK,Consumer,Partner
CUST-00133,2026-06-14,UK,Enterprise,Direct
CUST-00134,2024-11-24,UK,Mid-Market,Organic
CUST-00135,2024-09-29,UK,SMB,Organic
CUST-00136,2025-04-18,UK,Consumer,Direct
CUST-00137,2025-04-15,UAE,SMB,Paid Search
CUST-00138,2024-06-20,UAE,Consumer,Partner
CUST-00139,2024-03-30,UK,Mid-Market,Organic
CUST-00140,2024-04-07,US,Consumer,Direct
CUST-00141,2026-04-16,UK,Consumer,Partner
CUST-00142,2025-07-29,UK,SMB,Paid Search
CUST-00143,2024-09-23,Germany,Enterprise,Partner
CUST-00144,2024-07-28,Germany,Consumer,Direct
CUST-00145,2025-04-14,India,Consumer,Paid Search
CUST-00146,2024-01-21,UAE,Consumer,Partner
CUST-00147,2025-01-13,UK,Mid-Market,Paid Search
CUST-00148,2024-11-15,India,Mid-Market,Referral
CUST-00149,2024-03-11,UAE,Consumer,Organic
CUST-00150,2024-11-12,UK,Mid-Market,Direct
CUST-00151,2025-03-22,US,Consumer,Direct
CUST-00152,2024-04-27,US,Consumer,Paid Search
CUST-00153,2025-07-17,India,Mid-Market,Organic
CUST-00154,2026-01-01,UAE,SMB,Partner
CUST-00155,2024-07-21,Germany,SMB,Referral
CUST-00156,2025-01-28,UK,SMB,Referral
CUST-00157,2025-02-20,UK,SMB,Referral
CUST-00158,2026-01-13,US,Consumer,Partner
CUST-00159,2026-06-23,India,Consumer,Referral
CUST-00160,2024-02-18,India,Consumer,Paid Search
CUST-00161,2025-07-25,India,Consumer,Organic
CUST-00162,2025-11-10,UAE,Enterprise,Organic
CUST-00163,2026-04-17,US,Mid-Market,Partner
CUST-00164,2025-09-27,Germany,Consumer,Referral
CUST-00165,2026-05-30,UK,Consumer,Partner
CUST-00166,2025-08-28,UK,Enterprise,Referral
CUST-00167,2025-03-10,US,Enterprise,Referral
CUST-00168,2025-03-30,UK,SMB,Organic
CUST-00169,2025-11-30,US,Consumer,Direct
CUST-00170,2026-05-24,Germany,SMB,Partner
CUST-00171,2024-09-21,UK,Consumer,Referral
CUST-00172,2025-10-27,UK,Consumer,Partner
CUST-00173,2025-04-21,UK,Enterprise,Referral
CUST-00174,2026-01-06,UAE,Consumer,Paid Search
CUST-00175,2025-12-05,India,Consumer,Organic
CUST-00176,2024-02-17,UK,Enterprise,Partner
CUST-00177,2024-08-29,US,Consumer,Paid Search
CUST-00178,2025-02-11,UK,SMB,Paid Search
CUST-00179,2024-10-24,US,Consumer,Direct
CUST-00180,2024-07-28,US,Consumer,Organic
CUST-00181,2025-07-11,US,Mid-Market,Paid Search
CUST-00182,2025-04-07,UK,Mid-Market,Referral
CUST-00183,2024-04-26,Germany,Mid-Market,Direct
CUST-00184,2024-03-08,UAE,Consumer,Organic
CUST-00185,2025-02-01,UAE,Consumer,Referral
CUST-00186,2025-12-25,India,SMB,Referral
CUST-00187,2025-11-22,UK,Mid-Market,Direct
CUST-00188,2025-08-17,UK,Enterprise,Direct
CUST-00189,2026-04-05,India,Mid-Market,Referral
CUST-00190,2024-05-09,India,Consumer,Direct
CUST-00191,2025-09-22,India,Consumer,Partner
CUST-00192,2026-03-04,India,Consumer,Paid Search
CUST-00193,2025-03-20,UK,Consumer,Partner
CUST-00194,2026-04-25,UAE,SMB,Paid Search
CUST-00195,2024-12-18,UK,Mid-Market,Paid Search
CUST-00196,2024-09-24,UK,Consumer,Organic
CUST-00197,2026-01-14,Germany,SMB,Paid Search
CUST-00198,2025-08-03,UK,Enterprise,Referral
CUST-00199,2024-08-16,UK,Consumer,Paid Search
CUST-00200,2025-07-02,UK,SMB,Referral
CUST-00201,2026-01-25,Germany,Consumer,Partner
CUST-00202,2024-08-26,UK,Mid-Market,Direct
CUST-00203,2026-03-09,India,SMB,Paid Search
CUST-00204,2024-08-11,UAE,Mid-Market,Referral
CUST-00205,2024-08-29,US,SMB,Direct
CUST-00206,2025-09-24,India,SMB,Partner
CUST-00207,2024-08-11,UK,Consumer,Direct
CUST-00208,2024-01-14,India,SMB,Organic
CUST-00209,2024-03-11,India,Consumer,Partner
CUST-00210,2025-10-21,India,SMB,Partner
CUST-00211,2024-06-15,UK,Mid-Market,Paid Search
CUST-00212,2025-09-12,Germany,Consumer,Partner
CUST-00213,2024-07-01,India,Mid-Market,Direct
CUST-00214,2025-06-05,India,SMB,Referral
CUST-00215,2024-04-14,US,Consumer,Paid Search
CUST-00216,2025-02-01,India,Enterprise,Partner
CUST-00217,2024-12-08,UK,Consumer,Organic
CUST-00218,2024-03-09,Germany,Mid-Market,Direct
CUST-00219,2024-12-06,UK,Consumer,Partner
CUST-00220,2025-04-16,Germany,Mid-Market,Partner
CUST-00221,2025-04-04,UK,Enterprise,Paid Search
CUST-00222,2025-10-20,US,SMB,Organic
CUST-00223,2026-01-19,India,SMB,Direct
CUST-00224,2024-07-04,Germany,Consumer,Referral
CUST-00225,2025-08-24,US,Enterprise,Partner
CUST-00226,2026-03-10,UK,Enterprise,Partner
CUST-00227,2025-03-26,US,Consumer,Partner
CUST-00228,2025-12-25,India,SMB,Partner
CUST-00229,2026-05-07,UAE,Consumer,Organic
CUST-00230,2025-10-29,UK,SMB,Referral
CUST-00231,2025-05-17,US,SMB,Paid Search
CUST-00232,2026-01-22,US,Consumer,Organic
CUST-00233,2026-01-04,Germany,Enterprise,Direct
CUST-00234,2024-10-28,Germany,Consumer,Referral
CUST-00235,2024-08-19,Germany,Mid-Market,Paid Search
CUST-00236,2024-06-25,India,Enterprise,Partner
CUST-00237,2024-11-03,US,Consumer,Paid Search
CUST-00238,2025-11-17,India,Enterprise,Paid Search
CUST-00239,2026-06-28,UK,Consumer,Referral
CUST-00240,2025-04-01,UK,Mid-Market,Partner
CUST-00241,2026-03-26,UK,Enterprise,Organic
CUST-00242,2026-01-13,UK,Mid-Market,Referral
CUST-00243,2024-12-01,India,SMB,Direct
CUST-00244,2025-05-27,US,Consumer,Paid Search
CUST-00245,2024-08-16,UK,SMB,Paid Search
CUST-00246,2026-05-21,UK,Consumer,Referral
CUST-00247,2026-02-22,India,SMB,Partner
CUST-00248,2025-01-11,India,Enterprise,Direct
CUST-00249,2024-10-22,India,SMB,Partner
CUST-00250,2025-01-30,UK,Mid-Market,Paid Search
CUST-00251,2024-05-22,India,Consumer,Paid Search
CUST-00252,2025-10-24,US,Enterprise,Partner
CUST-00253,2026-02-21,India,Consumer,Referral
CUST-00254,2024-04-30,India,SMB,Referral
CUST-00255,2024-03-26,India,Enterprise,Paid Search
CUST-00256,2025-06-05,India,SMB,Partner
CUST-00257,2026-01-09,Germany,SMB,Paid Search
CUST-00258,2025-04-12,UAE,Mid-Market,Partner
CUST-00259,2024-04-20,UAE,Consumer,Partner
CUST-00260,2024-04-14,US,Consumer,Paid Search
CUST-00261,2025-06-30,India,SMB,Organic
CUST-00262,2026-04-02,UK,Mid-Market,Partner
CUST-00263,2024-01-26,US,SMB,Organic
CUST-00264,2024-11-04,US,SMB,Referral
CUST-00265,2024-04-03,UAE,Consumer,Organic
CUST-00266,2025-10-23,UAE,Consumer,Direct
CUST-00267,2024-07-28,Germany,SMB,Referral
CUST-00268,2024-09-21,UAE,Enterprise,Paid Search
CUST-00269,2026-06-06,India,Consumer,Paid Search
CUST-00270,2025-08-14,UK,Mid-Market,Paid Search
CUST-00271,2024-06-25,US,Consumer,Partner
CUST-00272,2024-08-05,India,Consumer,Paid Search
CUST-00273,2025-06-15,UK,Consumer,Direct
CUST-00274,2024-10-19,UK,SMB,Partner
CUST-00275,2025-08-12,US,Mid-Market,Paid Search
CUST-00276,2024-06-12,UK,Enterprise,Organic
CUST-00277,2026-03-24,US,Consumer,Direct
CUST-00278,2024-12-31,US,Mid-Market,Partner
CUST-00279,2024-11-30,UK,Consumer,Referral
CUST-00280,2024-06-27,US,Mid-Market,Organic
CUST-00281,2025-06-22,UK,Mid-Market,Referral
CUST-00282,2024-11-03,US,Consumer,Partner
CUST-00283,2024-01-10,India,Mid-Market,Direct
CUST-00284,2025-01-05,Germany,SMB,Referral
CUST-00285,2026-03-01,India,Consumer,Direct
CUST-00286,2026-05-11,UAE,SMB,Referral
CUST-00287,2026-05-29,US,Consumer,Paid Search
CUST-00288,2026-01-05,India,SMB,Direct
CUST-00289,2026-05-09,India,Mid-Market,Paid Search
CUST-00290,2025-06-05,Germany,SMB,Paid Search
CUST-00291,2024-06-18,UK,Consumer,Organic
CUST-00292,2024-05-09,UAE,SMB,Organic
CUST-00293,2026-04-03,UK,Mid-Market,Paid Search
CUST-00294,2024-03-06,Germany,Mid-Market,Paid Search
CUST-00295,2024-11-22,UK,Consumer,Referral
CUST-00296,2025-03-30,UK,Enterprise,Referral
CUST-00297,2024-07-20,India,SMB,Paid Search
CUST-00298,2025-05-31,India,SMB,Referral
CUST-00299,2024-06-29,US,Mid-Market,Direct
CUST-00300,2024-12-07,UK,SMB,Partner
CUST-00301,2025-10-14,UAE,Mid-Market,Paid Search
CUST-00302,2025-03-31,UK,Consumer,Organic
CUST-00303,2026-05-31,Germany,Consumer,Organic
CUST-00304,2025-04-09,UAE,Enterprise,Direct
CUST-00305,2025-07-19,US,Consumer,Organic
CUST-00306,2025-03-12,UK,Consumer,Paid Search
CUST-00307,2025-01-29,UAE,Enterprise,Partner
CUST-00308,2025-07-09,India,SMB,Partner
CUST-00309,2026-06-09,India,Enterprise,Paid Search
CUST-00310,2024-12-16,Germany,Consumer,Direct
CUST-00311,2025-05-12,Germany,SMB,Partner
CUST-00312,2024-08-19,US,Consumer,Organic
CUST-00313,2024-02-16,US,SMB,Partner
CUST-00314,2024-10-15,US,SMB,Direct
CUST-00315,2024-03-10,Germany,SMB,Referral
CUST-00316,2024-05-17,UK,Enterprise,Paid Search
CUST-00317,2026-02-03,India,Mid-Market,Paid Search
CUST-00318,2024-08-07,Germany,SMB,Organic
CUST-00319,2025-01-05,UK,SMB,Organic
CUST-00320,2026-06-02,UK,Enterprise,Paid Search
CUST-00321,2025-09-14,UK,Consumer,Partner
CUST-00322,2026-04-10,US,SMB,Paid Search
CUST-00323,2025-06-28,UK,Consumer,Paid Search
CUST-00324,2025-06-15,UK,Mid-Market,Partner
CUST-00325,2025-05-26,India,Enterprise,Paid Search
CUST-00326,2025-05-03,US,Enterprise,Direct
CUST-00327,2025-07-18,India,Consumer,Paid Search
CUST-00328,2025-08-23,US,Consumer,Partner
CUST-00329,2026-02-01,India,Consumer,Referral
CUST-00330,2025-11-05,Germany,Mid-Market,Paid Search
CUST-00331,2024-01-05,UK,Consumer,Direct
CUST-00332,2026-01-30,UK,Consumer,Paid Search
CUST-00333,2026-04-07,UAE,Consumer,Direct
CUST-00334,2026-02-20,UK,SMB,Referral
CUST-00335,2025-05-08,UAE,Mid-Market,Partner
CUST-00336,2025-07-12,India,Consumer,Referral
CUST-00337,2026-06-07,UK,Enterprise,Direct
CUST-00338,2025-06-18,Germany,Enterprise,Referral
CUST-00339,2024-10-29,UK,Consumer,Partner
CUST-00340,2026-01-19,US,SMB,Organic
CUST-00341,2024-10-26,UK,Enterprise,Organic
CUST-00342,2024-09-05,UK,Mid-Market,Organic
CUST-00343,2025-09-29,US,Mid-Market,Partner
CUST-00344,2026-03-08,UK,Mid-Market,Direct
CUST-00345,2026-03-29,India,Enterprise,Organic
CUST-00346,2025-08-09,India,Consumer,Direct
CUST-00347,2025-02-21,Germany,Mid-Market,Paid Search
CUST-00348,2024-04-03,Germany,Consumer,Organic
CUST-00349,2025-01-08,UAE,Enterprise,Direct
CUST-00350,2026-04-30,Germany,Consumer,Paid Search
CUST-00351,2025-07-04,US,Consumer,Organic
CUST-00352,2025-07-30,UAE,Consumer,Partner
CUST-00353,2024-10-04,UK,Enterprise,Direct
CUST-00354,2024-06-19,UAE,SMB,Partner
CUST-00355,2025-09-09,India,Mid-Market,Partner
CUST-00356,2025-07-26,India,SMB,Direct
CUST-00357,2025-01-13,UK,Consumer,Direct
CUST-00358,2024-11-14,UK,Enterprise,Direct
CUST-00359,2024-03-22,US,SMB,Paid Search
CUST-00360,2024-03-04,India,SMB,Organic
CUST-00361,2026-05-28,UK,Mid-Market,Direct
CUST-00362,2024-08-26,India,SMB,Direct
CUST-00363,2025-02-07,Germany,Consumer,Organic
CUST-00364,2026-03-21,India,SMB,Organic
CUST-00365,2026-04-17,US,SMB,Partner
CUST-00366,2026-02-26,UK,Consumer,Partner
CUST-00367,2025-10-26,India,Enterprise,Referral
CUST-00368,2025-08-25,UK,Mid-Market,Referral
CUST-00369,2025-11-10,India,Enterprise,Paid Search
CUST-00370,2025-09-10,UK,Consumer,Referral
CUST-00371,2025-12-06,UK,Consumer,Partner
CUST-00372,2025-02-10,UK,Consumer,Paid Search
CUST-00373,2025-09-26,Germany,SMB,Direct
CUST-00374,2025-12-06,Germany,SMB,Direct
CUST-00375,2025-06-20,UK,Consumer,Direct
CUST-00376,2025-09-27,India,SMB,Partner
CUST-00377,2025-06-05,Germany,Enterprise,Referral
CUST-00378,2026-04-18,UK,Consumer,Referral
CUST-00379,2024-04-03,UK,Consumer,Referral
CUST-00380,2024-03-04,Germany,Consumer,Partner
CUST-00381,2026-03-31,UAE,Consumer,Partner
CUST-00382,2025-04-20,UK,SMB,Paid Search
CUST-00383,2024-03-08,US,Consumer,Paid Search
CUST-00384,2025-10-02,Germany,Consumer,Referral
CUST-00385,2024-06-29,India,Consumer,Partner
CUST-00386,2024-04-04,UAE,Enterprise,Partner
CUST-00387,2025-03-29,UAE,Consumer,Referral
CUST-00388,2024-12-12,Germany,Consumer,Direct
CUST-00389,2024-12-11,UAE,SMB,Referral
CUST-00390,2024-09-05,UK,Enterprise,Direct
CUST-00391,2024-08-17,UAE,Consumer,Paid Search
CUST-00392,2026-02-17,US,Consumer,Organic
CUST-00393,2024-08-17,Germany,Mid-Market,Paid Search
CUST-00394,2025-04-26,UAE,SMB,Direct
CUST-00395,2024-11-10,UK,Consumer,Direct
CUST-00396,2026-05-05,UK,Consumer,Partner
CUST-00397,2025-10-02,UK,Mid-Market,Organic
CUST-00398,2026-02-23,UK,Mid-Market,Direct
CUST-00399,2024-04-17,India,Consumer,Paid Search
CUST-00400,2025-11-22,UK,Mid-Market,Direct
CUST-00401,2025-04-25,India,SMB,Referral
CUST-00402,2025-11-15,US,Enterprise,Partner
CUST-00403,2024-04-08,UAE,Enterprise,Partner
CUST-00404,2024-03-16,India,SMB,Organic
CUST-00405,2024-10-03,US,Consumer,Referral
CUST-00406,2026-02-24,UK,Consumer,Referral
CUST-00407,2024-01-11,UK,Consumer,Paid Search
CUST-00408,2024-08-01,UK,Consumer,Referral
CUST-00409,2026-06-13,UK,Consumer,Paid Search
CUST-00410,2026-02-23,UK,Mid-Market,Direct
CUST-00411,2026-04-17,UAE,SMB,Paid Search
CUST-00412,2024-11-16,Germany,Enterprise,Paid Search
CUST-00413,2025-01-11,India,SMB,Partner
CUST-00414,2024-07-21,Germany,Consumer,Paid Search
CUST-00415,2026-04-24,US,Consumer,Partner
CUST-00416,2026-03-10,UK,Consumer,Direct
CUST-00417,2025-10-10,US,Mid-Market,Paid Search
CUST-00418,2025-08-22,UK,Consumer,Paid Search
CUST-00419,2026-02-07,UK,SMB,Direct
CUST-00420,2025-11-15,UK,SMB,Organic
CUST-00421,2024-05-11,Germany,Mid-Market,Partner
CUST-00422,2024-05-30,UAE,SMB,Organic
CUST-00423,2024-06-05,India,Mid-Market,Partner
CUST-00424,2026-04-18,UAE,Consumer,Referral
CUST-00425,2026-01-10,Germany,Consumer,Organic
CUST-00426,2026-03-31,UK,SMB,Organic
CUST-00427,2025-01-18,UK,SMB,Paid Search
CUST-00428,2024-03-18,UAE,Consumer,Paid Search
CUST-00429,2025-05-03,UK,SMB,Referral
CUST-00430,2026-05-06,US,Consumer,Direct
CUST-00431,2026-01-23,India,Consumer,Partner
CUST-00432,2026-01-30,India,Enterprise,Paid Search
CUST-00433,2025-08-12,UAE,Consumer,Direct
CUST-00434,2026-02-10,UK,Consumer,Direct
CUST-00435,2024-02-05,UK,Mid-Market,Referral
CUST-00436,2024-12-09,UK,Mid-Market,Organic
CUST-00437,2026-04-05,UK,Consumer,Referral
CUST-00438,2025-01-05,India,Mid-Market,Organic
CUST-00439,2025-09-09,UAE,Consumer,Organic
CUST-00440,2026-01-20,India,Consumer,Partner
CUST-00441,2025-12-30,US,SMB,Paid Search
CUST-00442,2025-01-08,UAE,Consumer,Partner
CUST-00443,2025-10-06,UAE,SMB,Paid Search
CUST-00444,2025-12-04,US,Enterprise,Referral
CUST-00445,2024-12-17,Germany,Mid-Market,Organic
CUST-00446,2024-04-16,UAE,Consumer,Direct
CUST-00447,2024-08-22,Germany,Consumer,Partner
CUST-00448,2025-04-05,UK,SMB,Organic
CUST-00449,2024-10-14,US,SMB,Partner
CUST-00450,2025-03-08,UAE,Consumer,Paid Search
CUST-00451,2024-12-10,US,SMB,Direct
CUST-00452,2025-12-02,UK,Enterprise,Partner
CUST-00453,2026-05-18,US,Consumer,Partner
CUST-00454,2025-10-01,Germany,Consumer,Paid Search
CUST-00455,2025-06-08,UK,SMB,Organic
CUST-00456,2025-12-29,UAE,Enterprise,Paid Search
CUST-00457,2024-09-26,India,SMB,Partner
CUST-00458,2025-12-11,India,Consumer,Organic
CUST-00459,2025-08-17,India,Consumer,Referral
CUST-00460,2026-02-25,UAE,SMB,Referral
CUST-00461,2024-02-10,US,Consumer,Partner
CUST-00462,2026-04-16,Germany,SMB,Direct
CUST-00463,2026-03-21,Germany,SMB,Paid Search
CUST-00464,2026-06-20,UK,Mid-Market,Partner
CUST-00465,2024-12-21,US,Consumer,Partner
CUST-00466,2025-09-29,India,SMB,Direct
CUST-00467,2025-10-31,UK,Consumer,Referral
CUST-00468,2025-08-23,UK,SMB,Paid Search
CUST-00469,2024-12-21,UK,Enterprise,Organic
CUST-00470,2025-04-15,US,Consumer,Organic
CUST-00471,2024-02-15,US,Consumer,Direct
CUST-00472,2024-01-13,US,Consumer,Partner
CUST-00473,2024-01-12,UAE,Consumer,Paid Search
CUST-00474,2026-06-25,India,Enterprise,Direct
CUST-00475,2025-02-03,UK,Consumer,Partner
CUST-00476,2025-07-13,UK,SMB,Organic
CUST-00477,2024-08-04,India,SMB,Direct
CUST-00478,2024-06-07,India,Mid-Market,Partner
CUST-00479,2025-01-17,US,Consumer,Paid Search
CUST-00480,2025-09-09,Germany,Consumer,Paid Search
CUST-00481,2025-12-08,UK,Enterprise,Direct
CUST-00482,2026-02-13,US,Consumer,Referral
CUST-00483,2026-03-27,UAE,Mid-Market,Paid Search
CUST-00484,2025-04-01,UK,Enterprise,Organic
CUST-00485,2026-03-05,UK,SMB,Partner
CUST-00486,2025-03-24,India,Mid-Market,Direct
CUST-00487,2024-02-08,UK,Consumer,Organic
CUST-00488,2026-01-08,India,Consumer,Paid Search
CUST-00489,2025-12-09,US,Consumer,Organic
CUST-00490,2025-12-21,US,Consumer,Referral
CUST-00491,2026-03-28,UK,SMB,Paid Search
CUST-00492,2025-06-30,India,Consumer,Referral
CUST-00493,2026-02-27,UAE,Consumer,Partner
CUST-00494,2025-12-26,India,SMB,Paid Search
CUST-00495,2024-03-05,UAE,Consumer,Referral
CUST-00496,2024-04-26,UK,Enterprise,Paid Search
CUST-00497,2025-03-20,US,SMB,Organic
CUST-00498,2024-05-20,US,Consumer,Partner
CUST-00499,2025-10-09,India,Enterprise,Paid Search
CUST-00500,2024-05-29,US,Consumer,Paid Search
CUST-00501,2026-04-15,UK,SMB,Organic
CUST-00502,2024-07-09,UK,Enterprise,Direct
CUST-00503,2025-11-13,UK,Consumer,Referral
CUST-00504,2025-05-24,US,Consumer,Paid Search
CUST-00505,2026-03-31,India,SMB,Paid Search
CUST-00506,2024-01-13,India,Mid-Market,Referral
CUST-00507,2025-02-05,UK,Mid-Market,Referral
CUST-00508,2025-02-25,UK,Consumer,Paid Search
CUST-00509,2025-05-31,UK,Mid-Market,Partner
CUST-00510,2026-02-01,India,Enterprise,Organic
CUST-00511,2025-05-18,US,SMB,Referral
CUST-00512,2024-08-19,UAE,Mid-Market,Direct
CUST-00513,2024-09-22,US,Mid-Market,Paid Search
CUST-00514,2024-12-30,UK,Consumer,Paid Search
CUST-00515,2025-12-23,US,Mid-Market,Paid Search
CUST-00516,2026-06-25,UK,Mid-Market,Partner
CUST-00517,2025-11-24,Germany,Mid-Market,Partner
CUST-00518,2026-06-18,UK,Consumer,Organic
CUST-00519,2024-10-03,UK,Mid-Market,Organic
CUST-00520,2024-01-08,Germany,SMB,Paid Search
CUST-00521,2024-02-02,India,SMB,Referral
CUST-00522,2024-12-29,UK,Consumer,Direct
CUST-00523,2024-08-17,UK,Mid-Market,Paid Search
CUST-00524,2025-05-15,Germany,Enterprise,Referral
CUST-00525,2025-08-26,Germany,Consumer,Referral
CUST-00526,2024-08-17,UAE,SMB,Direct
CUST-00527,2025-06-23,UAE,Mid-Market,Partner
CUST-00528,2026-02-24,UAE,Consumer,Paid Search
CUST-00529,2026-02-07,Germany,SMB,Referral
CUST-00530,2025-01-20,Germany,SMB,Partner
CUST-00531,2026-05-08,UK,Mid-Market,Referral
CUST-00532,2024-10-28,UAE,SMB,Paid Search
CUST-00533,2025-10-19,UAE,Mid-Market,Partner
CUST-00534,2024-03-04,Germany,Consumer,Direct
CUST-00535,2024-09-05,UAE,Consumer,Partner
CUST-00536,2025-10-01,UK,Enterprise,Organic
CUST-00537,2024-09-28,India,Mid-Market,Direct
CUST-00538,2024-09-11,Germany,Consumer,Referral
CUST-00539,2025-01-28,India,Consumer,Direct
CUST-00540,2025-08-31,India,Consumer,Direct
CUST-00541,2024-05-17,India,Mid-Market,Partner
CUST-00542,2024-10-16,US,Mid-Market,Paid Search
CUST-00543,2025-08-10,UAE,Enterprise,Paid Search
CUST-00544,2025-11-26,UK,SMB,Paid Search
CUST-00545,2025-01-11,Germany,SMB,Referral
CUST-00546,2026-05-12,US,SMB,Paid Search
CUST-00547,2024-12-13,India,Mid-Market,Partner
CUST-00548,2026-05-31,UK,Mid-Market,Direct
CUST-00549,2025-09-13,US,Mid-Market,Organic
CUST-00550,2024-12-13,UK,Mid-Market,Partner
CUST-00551,2024-04-19,US,Consumer,Partner
CUST-00552,2025-09-06,UAE,SMB,Organic
CUST-00553,2024-08-23,Germany,SMB,Partner
CUST-00554,2024-02-04,UK,Enterprise,Direct
CUST-00555,2024-01-04,US,Consumer,Direct
CUST-00556,2024-02-11,Germany,Consumer,Organic
CUST-00557,2025-09-23,UAE,SMB,Organic
CUST-00558,2024-12-23,UK,Mid-Market,Referral
CUST-00559,2024-09-01,India,SMB,Direct
CUST-00560,2026-06-04,Germany,SMB,Paid Search
CUST-00561,2025-10-10,Germany,Consumer,Organic
CUST-00562,2026-03-13,Germany,Consumer,Organic
CUST-00563,2024-08-28,US,Mid-Market,Partner
CUST-00564,2025-10-24,Germany,Enterprise,Referral
CUST-00565,2025-04-25,UK,SMB,Partner
CUST-00566,2024-10-03,Germany,Consumer,Paid Search
CUST-00567,2024-05-18,Germany,Consumer,Organic
CUST-00568,2025-11-28,India,Consumer,Organic
CUST-00569,2024-09-18,US,Mid-Market,Organic
CUST-00570,2024-08-02,UK,Consumer,Partner
CUST-00571,2026-06-06,UK,Enterprise,Referral
CUST-00572,2024-10-13,India,Enterprise,Referral
CUST-00573,2025-07-03,UAE,Mid-Market,Referral
CUST-00574,2025-04-07,US,Consumer,Referral
CUST-00575,2025-02-27,US,Enterprise,Organic
CUST-00576,2024-06-17,UK,Mid-Market,Partner
CUST-00577,2026-02-22,UAE,SMB,Organic
CUST-00578,2024-10-16,US,Mid-Market,Direct
CUST-00579,2024-04-09,India,SMB,Organic
CUST-00580,2024-05-16,UK,Consumer,Referral
CUST-00581,2024-08-07,UK,Consumer,Referral
CUST-00582,2025-08-03,India,Mid-Market,Direct
CUST-00583,2025-03-21,India,Enterprise,Partner
CUST-00584,2026-04-02,US,Mid-Market,Paid Search
CUST-00585,2024-11-08,UK,Consumer,Direct
CUST-00586,2024-07-08,India,Mid-Market,Referral
CUST-00587,2024-08-12,India,SMB,Organic
CUST-00588,2025-09-20,UK,SMB,Organic
CUST-00589,2025-06-11,US,SMB,Direct
CUST-00590,2026-01-03,US,Consumer,Organic
CUST-00591,2026-02-21,UK,Enterprise,Direct
CUST-00592,2024-12-28,India,Consumer,Partner
CUST-00593,2025-07-21,India,SMB,Referral
CUST-00594,2024-01-04,UK,SMB,Partner
CUST-00595,2024-12-23,US,SMB,Referral
CUST-00596,2025-09-20,US,Enterprise,Paid Search
CUST-00597,2024-03-21,India,SMB,Paid Search
CUST-00598,2024-10-05,UK,Enterprise,Partner
CUST-00599,2025-04-10,UAE,Consumer,Partner
CUST-00600,2025-01-13,US,Consumer,Referral
CUST-00601,2025-08-22,US,Mid-Market,Partner
CUST-00602,2024-02-05,UK,Mid-Market,Paid Search
CUST-00603,2025-12-04,India,Mid-Market,Referral
CUST-00604,2024-02-24,US,Consumer,Paid Search
CUST-00605,2025-04-02,UK,Consumer,Paid Search
CUST-00606,2025-11-18,UK,Consumer,Direct
CUST-00607,2026-05-13,India,SMB,Organic
CUST-00608,2024-10-19,UK,Mid-Market,Partner
CUST-00609,2026-01-21,US,Consumer,Partner
CUST-00610,2025-04-02,Germany,SMB,Direct
CUST-00611,2025-05-28,UK,SMB,Partner
CUST-00612,2024-07-29,UAE,Consumer,Paid Search
CUST-00613,2024-03-13,India,Consumer,Partner
CUST-00614,2024-04-14,UAE,Enterprise,Referral
CUST-00615,2025-04-07,UAE,Enterprise,Paid Search
CUST-00616,2025-08-24,Germany,Mid-Market,Organic
CUST-00617,2025-10-13,Germany,Enterprise,Organic
CUST-00618,2025-11-29,UAE,SMB,Referral
CUST-00619,2025-08-31,US,Enterprise,Direct
CUST-00620,2025-01-21,UK,Consumer,Organic
CUST-00621,2025-07-08,US,Mid-Market,Direct
CUST-00622,2025-12-17,UK,SMB,Organic
CUST-00623,2026-04-18,Germany,Mid-Market,Paid Search
CUST-00624,2025-05-01,UK,Enterprise,Direct
CUST-00625,2025-05-04,Germany,Enterprise,Direct
CUST-00626,2024-07-28,UAE,Consumer,Paid Search
CUST-00627,2024-01-11,India,Consumer,Referral
CUST-00628,2025-12-29,US,SMB,Partner
CUST-00629,2025-02-05,India,Enterprise,Partner
CUST-00630,2026-02-05,India,SMB,Organic
CUST-00631,2024-12-13,India,SMB,Referral
CUST-00632,2024-07-12,UK,SMB,Partner
CUST-00633,2024-05-13,Germany,SMB,Partner
CUST-00634,2026-04-25,US,SMB,Partner
CUST-00635,2024-08-07,Germany,Consumer,Direct
CUST-00636,2025-07-16,UK,Consumer,Referral
CUST-00637,2024-03-27,US,SMB,Direct
CUST-00638,2024-07-04,UAE,Mid-Market,Partner
CUST-00639,2024-10-07,UK,Consumer,Direct
CUST-00640,2025-09-26,Germany,Mid-Market,Direct
CUST-00641,2026-02-15,UAE,Consumer,Organic
CUST-00642,2025-03-31,UAE,Consumer,Partner
CUST-00643,2024-11-18,UK,Consumer,Organic
CUST-00644,2024-02-08,US,Consumer,Referral
CUST-00645,2024-03-28,India,Mid-Market,Referral
CUST-00646,2025-10-02,US,Enterprise,Organic
CUST-00647,2024-09-12,UK,SMB,Referral
CUST-00648,2025-09-19,UK,Consumer,Partner
CUST-00649,2026-03-24,UK,Mid-Market,Direct
CUST-00650,2026-06-12,US,SMB,Partner
CUST-00651,2024-11-23,Germany,Mid-Market,Paid Search
CUST-00652,2025-10-24,US,Consumer,Referral
CUST-00653,2024-09-23,UK,Consumer,Referral
CUST-00654,2026-04-18,India,Consumer,Paid Search
CUST-00655,2026-03-24,Germany,SMB,Paid Search
CUST-00656,2024-02-23,US,Mid-Market,Paid Search
CUST-00657,2024-07-28,US,Mid-Market,Paid Search
CUST-00658,2025-08-19,US,SMB,Organic
CUST-00659,2026-06-17,Germany,Consumer,Organic
CUST-00660,2024-03-07,UK,Enterprise,Direct
CUST-00661,2026-01-16,UAE,Consumer,Partner
CUST-00662,2024-02-23,Germany,Consumer,Partner
CUST-00663,2026-05-25,India,Consumer,Organic
CUST-00664,2024-01-29,UAE,Consumer,Direct
CUST-00665,2026-03-25,India,Consumer,Direct
CUST-00666,2024-06-29,US,Mid-Market,Organic
CUST-00667,2024-01-04,India,SMB,Referral
CUST-00668,2025-04-02,UK,SMB,Direct
CUST-00669,2024-05-20,Germany,Mid-Market,Organic
CUST-00670,2024-04-08,UK,Consumer,Organic
CUST-00671,2025-04-06,India,Enterprise,Referral
CUST-00672,2025-12-26,US,Consumer,Direct
CUST-00673,2025-08-31,UAE,Mid-Market,Partner
CUST-00674,2025-09-16,UK,Consumer,Referral
CUST-00675,2024-08-13,UK,Mid-Market,Organic
CUST-00676,2024-06-10,Germany,SMB,Direct
CUST-00677,2025-02-04,UAE,Consumer,Organic
CUST-00678,2024-10-05,Germany,Mid-Market,Referral
CUST-00679,2025-06-17,India,SMB,Partner
CUST-00680,2025-02-16,Germany,Mid-Market,Organic
CUST-00681,2026-05-12,Germany,Consumer,Paid Search
CUST-00682,2025-07-14,India,SMB,Partner
CUST-00683,2025-09-29,US,Consumer,Referral
CUST-00684,2024-02-29,UK,Enterprise,Paid Search
CUST-00685,2025-06-27,UK,Mid-Market,Referral
CUST-00686,2024-05-20,UK,Consumer,Paid Search
CUST-00687,2025-01-12,UK,Consumer,Organic
CUST-00688,2024-06-26,UK,Consumer,Paid Search
CUST-00689,2026-02-18,UK,SMB,Direct
CUST-00690,2025-01-23,UAE,Consumer,Partner
CUST-00691,2024-07-15,UAE,SMB,Organic
CUST-00692,2025-02-06,India,SMB,Referral
CUST-00693,2025-01-09,US,SMB,Organic
CUST-00694,2026-05-06,Germany,SMB,Organic
CUST-00695,2024-08-03,US,SMB,Direct
CUST-00696,2025-12-04,US,Mid-Market,Paid Search
CUST-00697,2024-03-19,US,SMB,Referral
CUST-00698,2024-09-02,India,SMB,Organic
CUST-00699,2026-06-19,Germany,Consumer,Direct
CUST-00700,2024-06-04,UK,Mid-Market,Direct
CUST-00701,2025-11-21,UAE,Mid-Market,Organic
CUST-00702,2025-12-13,UK,Mid-Market,Organic
CUST-00703,2024-02-06,US,SMB,Referral
CUST-00704,2025-08-14,US,Consumer,Organic
CUST-00705,2025-08-16,India,SMB,Partner
CUST-00706,2024-05-10,India,Mid-Market,Paid Search
CUST-00707,2026-01-07,UK,Consumer,Referral
CUST-00708,2025-04-21,UK,Consumer,Partner
CUST-00709,2026-06-02,US,Consumer,Referral
CUST-00710,2024-09-23,UK,SMB,Partner
CUST-00711,2026-04-21,Germany,Mid-Market,Referral
CUST-00712,2025-02-25,India,SMB,Partner
CUST-00713,2025-03-18,Germany,Mid-Market,Partner
CUST-00714,2024-05-06,UK,Consumer,Paid Search
CUST-00715,2024-07-08,Germany,Mid-Market,Referral
CUST-00716,2026-03-17,US,Consumer,Organic
CUST-00717,2025-10-31,US,SMB,Referral
CUST-00718,2025-12-21,India,SMB,Direct
CUST-00719,2025-02-21,UAE,Consumer,Paid Search
CUST-00720,2024-06-03,India,Consumer,Referral
CUST-00721,2026-03-17,UAE,SMB,Paid Search
CUST-00722,2025-10-24,UK,Consumer,Partner
CUST-00723,2025-12-23,India,Consumer,Referral
CUST-00724,2026-03-27,India,Enterprise,Direct
CUST-00725,2024-12-11,India,Consumer,Direct
CUST-00726,2024-06-12,US,SMB,Organic
CUST-00727,2026-06-12,India,SMB,Partner
CUST-00728,2025-09-23,UAE,Mid-Market,Referral
CUST-00729,2026-01-03,US,Enterprise,Partner
CUST-00730,2024-10-07,India,Enterprise,Partner
CUST-00731,2025-10-14,India,Mid-Market,Partner
CUST-00732,2024-03-16,UK,Consumer,Organic
CUST-00733,2024-08-01,UAE,Consumer,Direct
CUST-00734,2024-03-13,India,SMB,Referral
CUST-00735,2024-10-03,UAE,Enterprise,Direct
CUST-00736,2024-07-04,Germany,SMB,Direct
CUST-00737,2025-02-13,UAE,Consumer,Direct
CUST-00738,2026-04-08,India,SMB,Direct
CUST-00739,2026-01-07,UK,Consumer,Paid Search
CUST-00740,2025-09-14,UK,Mid-Market,Referral
CUST-00741,2025-06-05,UK,Consumer,Direct
CUST-00742,2025-10-03,Germany,Enterprise,Referral
CUST-00743,2025-05-07,UK,Enterprise,Organic
CUST-00744,2024-01-25,UK,SMB,Referral
CUST-00745,2025-02-24,UK,Mid-Market,Organic
CUST-00746,2024-08-28,UAE,Enterprise,Partner
CUST-00747,2025-04-09,India,Mid-Market,Paid Search
CUST-00748,2026-01-13,India,SMB,Direct
CUST-00749,2024-04-07,UK,Mid-Market,Direct
CUST-00750,2024-10-18,Germany,Consumer,Paid Search
CUST-00751,2026-04-12,US,Consumer,Referral
CUST-00752,2024-04-14,UAE,Enterprise,Organic
CUST-00753,2025-09-15,US,SMB,Paid Search
CUST-00754,2025-04-15,Germany,Consumer,Paid Search
CUST-00755,2024-07-23,UK,SMB,Paid Search
CUST-00756,2024-03-18,UAE,Consumer,Partner
CUST-00757,2025-07-21,US,Consumer,Paid Search
CUST-00758,2024-07-24,Germany,SMB,Referral
CUST-00759,2025-12-23,UAE,SMB,Organic
CUST-00760,2024-03-02,UAE,Consumer,Direct
CUST-00761,2025-04-09,UAE,SMB,Organic
CUST-00762,2026-04-14,UAE,Consumer,Referral
CUST-00763,2025-12-20,India,Consumer,Paid Search
CUST-00764,2025-11-18,UAE,SMB,Organic
CUST-00765,2024-12-01,UAE,Consumer,Partner
CUST-00766,2024-05-22,India,Consumer,Direct
CUST-00767,2026-01-12,Germany,SMB,Direct
CUST-00768,2024-07-29,UK,Consumer,Partner
CUST-00769,2025-01-06,Germany,Consumer,Organic
CUST-00770,2026-02-12,UAE,Mid-Market,Direct
CUST-00771,2024-06-27,UK,Consumer,Direct
CUST-00772,2025-02-04,India,SMB,Partner
CUST-00773,2024-09-02,UK,Consumer,Direct
CUST-00774,2024-09-02,UK,SMB,Organic
CUST-00775,2024-07-14,India,SMB,Paid Search
CUST-00776,2026-06-09,US,Mid-Market,Partner
CUST-00777,2025-07-19,UK,Consumer,Direct
CUST-00778,2025-02-26,India,Enterprise,Partner
CUST-00779,2026-02-07,India,Enterprise,Organic
CUST-00780,2025-03-10,UK,Consumer,Direct
CUST-00781,2025-03-12,UK,Consumer,Direct
CUST-00782,2024-09-04,UAE,Enterprise,Partner
CUST-00783,2025-02-21,UAE,SMB,Partner
CUST-00784,2025-09-28,India,Mid-Market,Referral
CUST-00785,2025-10-28,India,SMB,Organic
CUST-00786,2024-05-22,US,SMB,Direct
CUST-00787,2024-11-27,UAE,SMB,Referral
CUST-00788,2024-12-12,UAE,SMB,Direct
CUST-00789,2025-11-01,India,SMB,Paid Search
CUST-00790,2026-03-23,UAE,Mid-Market,Direct
CUST-00791,2025-01-19,US,SMB,Referral
CUST-00792,2024-05-24,US,Mid-Market,Partner
CUST-00793,2025-11-09,Germany,SMB,Direct
CUST-00794,2026-04-16,UK,Consumer,Direct
CUST-00795,2024-05-13,UAE,Mid-Market,Direct
CUST-00796,2024-08-14,US,Mid-Market,Direct
CUST-00797,2026-06-11,UK,SMB,Organic
CUST-00798,2026-03-29,UK,SMB,Direct
CUST-00799,2024-04-05,India,SMB,Partner
CUST-00800,2025-11-11,UK,Mid-Market,Direct
CUST-00801,2025-09-04,Germany,SMB,Organic
CUST-00802,2025-01-17,Germany,Consumer,Organic
CUST-00803,2024-08-07,US,Consumer,Paid Search
CUST-00804,2024-05-02,Germany,Consumer,Paid Search
CUST-00805,2025-05-02,US,Consumer,Referral
CUST-00806,2024-06-02,India,Consumer,Referral
CUST-00807,2026-02-16,Germany,Consumer,Organic
CUST-00808,2024-08-04,US,Consumer,Paid Search
CUST-00809,2024-10-05,US,SMB,Direct
CUST-00810,2024-03-21,UAE,SMB,Partner
CUST-00811,2024-04-22,US,SMB,Referral
CUST-00812,2024-08-18,UAE,Enterprise,Paid Search
CUST-00813,2025-11-19,Germany,Consumer,Partner
CUST-00814,2025-01-15,UAE,Consumer,Direct
CUST-00815,2025-05-26,UK,Consumer,Partner
CUST-00816,2025-05-08,India,Mid-Market,Organic
CUST-00817,2025-03-16,India,Consumer,Direct
CUST-00818,2025-07-07,UK,SMB,Referral
CUST-00819,2024-08-10,India,Consumer,Partner
CUST-00820,2026-05-13,UAE,Enterprise,Direct
CUST-00821,2024-12-26,India,Consumer,Paid Search
CUST-00822,2024-06-30,UK,Consumer,Partner
CUST-00823,2024-01-09,India,Consumer,Partner
CUST-00824,2026-03-05,India,Enterprise,Paid Search
CUST-00825,2025-04-09,India,SMB,Organic
CUST-00826,2024-03-11,India,SMB,Organic
CUST-00827,2024-11-10,UK,Consumer,Partner
CUST-00828,2026-02-10,Germany,Enterprise,Organic
CUST-00829,2025-11-03,India,Consumer,Direct
CUST-00830,2025-07-13,UK,Mid-Market,Direct
CUST-00831,2024-03-08,UK,Mid-Market,Partner
CUST-00832,2024-08-16,UK,SMB,Paid Search
CUST-00833,2024-11-14,US,Mid-Market,Paid Search
CUST-00834,2025-05-15,UAE,Enterprise,Direct
CUST-00835,2025-12-07,UAE,SMB,Paid Search
CUST-00836,2026-01-30,UK,Consumer,Partner
CUST-00837,2025-01-02,US,SMB,Partner
CUST-00838,2026-05-10,UK,Consumer,Direct
CUST-00839,2024-01-15,US,Mid-Market,Organic
CUST-00840,2024-10-09,Germany,Consumer,Organic
CUST-00841,2026-05-05,India,Consumer,Paid Search
CUST-00842,2026-05-04,UK,SMB,Referral
CUST-00843,2024-11-17,UK,Mid-Market,Direct
CUST-00844,2025-05-12,UK,Consumer,Direct
CUST-00845,2024-02-07,India,SMB,Organic
CUST-00846,2024-03-07,UAE,Consumer,Referral
CUST-00847,2025-05-22,US,SMB,Organic
CUST-00848,2025-08-08,US,Enterprise,Partner
CUST-00849,2024-11-05,India,Consumer,Partner
CUST-00850,2025-08-25,US,Consumer,Direct
CUST-00851,2025-02-21,UAE,SMB,Paid Search
CUST-00852,2025-10-17,UK,SMB,Direct
CUST-00853,2026-01-01,US,Consumer,Direct
CUST-00854,2025-08-05,UAE,Mid-Market,Direct
CUST-00855,2026-05-13,US,Consumer,Partner
CUST-00856,2025-11-08,UAE,Consumer,Partner
CUST-00857,2025-12-05,US,Consumer,Direct
CUST-00858,2026-06-27,UK,SMB,Partner
CUST-00859,2024-10-12,UK,SMB,Referral
CUST-00860,2024-02-05,US,SMB,Partner
CUST-00861,2025-02-22,UAE,Mid-Market,Partner
CUST-00862,2026-01-04,UAE,Consumer,Paid Search
CUST-00863,2025-10-21,UAE,SMB,Organic
CUST-00864,2025-03-19,Germany,SMB,Partner
CUST-00865,2024-09-17,Germany,Consumer,Direct
CUST-00866,2026-02-22,US,Consumer,Paid Search
CUST-00867,2024-01-21,US,Consumer,Organic
CUST-00868,2024-10-21,UAE,Consumer,Paid Search
CUST-00869,2026-06-24,UK,Consumer,Partner
CUST-00870,2025-07-03,UAE,Enterprise,Direct
CUST-00871,2025-04-27,Germany,Consumer,Partner
CUST-00872,2026-01-09,US,Enterprise,Referral
CUST-00873,2024-06-05,India,Enterprise,Organic
CUST-00874,2024-07-03,India,SMB,Organic
CUST-00875,2024-02-25,Germany,SMB,Organic
CUST-00876,2024-07-13,UK,Enterprise,Paid Search
CUST-00877,2025-04-23,Germany,SMB,Paid Search
CUST-00878,2026-01-09,India,Consumer,Partner
CUST-00879,2024-07-08,UK,Consumer,Referral
CUST-00880,2025-06-23,Germany,SMB,Direct
CUST-00881,2025-05-25,US,Enterprise,Referral
CUST-00882,2025-03-06,Germany,Mid-Market,Direct
CUST-00883,2026-03-01,India,Mid-Market,Referral
CUST-00884,2024-07-19,India,SMB,Direct
CUST-00885,2024-05-02,India,Mid-Market,Referral
CUST-00886,2025-12-21,US,Consumer,Direct
CUST-00887,2026-06-17,UK,Consumer,Partner
CUST-00888,2024-02-24,UK,Consumer,Organic
CUST-00889,2025-07-29,UK,Enterprise,Partner
CUST-00890,2026-05-12,Germany,SMB,Organic
CUST-00891,2025-05-07,India,Enterprise,Direct
CUST-00892,2024-10-15,India,Mid-Market,Referral
CUST-00893,2024-10-04,Germany,Mid-Market,Direct
CUST-00894,2025-10-26,India,Mid-Market,Referral
CUST-00895,2025-11-13,US,Consumer,Paid Search
CUST-00896,2026-01-04,India,Consumer,Partner
CUST-00897,2026-03-02,UK,Mid-Market,Referral
CUST-00898,2025-02-24,Germany,Consumer,Organic
CUST-00899,2025-12-09,UAE,Consumer,Partner
CUST-00900,2025-09-19,US,Consumer,Organic
CUST-00901,2024-11-02,US,SMB,Paid Search
CUST-00902,2024-04-25,India,Consumer,Referral
CUST-00903,2026-05-30,UK,SMB,Organic
CUST-00904,2026-05-31,UK,Consumer,Direct
CUST-00905,2024-04-07,US,Consumer,Direct
CUST-00906,2026-06-30,Germany,Consumer,Direct
CUST-00907,2025-12-30,Germany,SMB,Organic
CUST-00908,2024-11-19,UK,SMB,Partner
CUST-00909,2025-06-15,UK,SMB,Paid Search
CUST-00910,2024-11-22,UK,Consumer,Partner
CUST-00911,2024-09-20,UK,SMB,Paid Search
CUST-00912,2025-11-29,UK,Consumer,Paid Search
CUST-00913,2026-04-18,Germany,Consumer,Referral
CUST-00914,2026-03-23,UK,Consumer,Partner
CUST-00915,2026-04-30,UK,Mid-Market,Paid Search
CUST-00916,2025-10-29,US,Enterprise,Paid Search
CUST-00917,2026-05-26,India,Consumer,Partner
CUST-00918,2026-06-19,UK,Consumer,Direct
CUST-00919,2025-07-09,UK,Enterprise,Partner
CUST-00920,2024-03-24,UK,Consumer,Referral
CUST-00921,2024-06-06,Germany,SMB,Direct
CUST-00922,2025-03-13,India,Consumer,Paid Search
CUST-00923,2024-01-15,UK,Consumer,Direct
CUST-00924,2024-03-17,Germany,Mid-Market,Organic
CUST-00925,2025-09-18,Germany,Consumer,Paid Search
CUST-00926,2024-07-25,Germany,SMB,Organic
CUST-00927,2024-06-27,UAE,Consumer,Organic
CUST-00928,2024-03-11,US,Mid-Market,Direct
CUST-00929,2024-04-03,India,SMB,Partner
CUST-00930,2024-08-18,UK,Consumer,Referral
CUST-00931,2025-01-09,Germany,Consumer,Referral
CUST-00932,2024-12-27,UAE,Consumer,Referral
CUST-00933,2024-03-01,UK,SMB,Partner
CUST-00934,2024-12-09,US,SMB,Partner
CUST-00935,2025-12-18,UK,SMB,Direct
CUST-00936,2025-08-06,UK,Enterprise,Paid Search
CUST-00937,2024-10-14,UAE,SMB,Direct
CUST-00938,2026-03-11,India,SMB,Partner
CUST-00939,2025-05-13,India,Consumer,Direct
CUST-00940,2024-08-12,UK,Mid-Market,Direct
CUST-00941,2025-12-31,India,Mid-Market,Referral
CUST-00942,2026-02-18,India,Enterprise,Paid Search
CUST-00943,2026-03-02,US,Consumer,Direct
CUST-00944,2024-10-18,India,Consumer,Referral
CUST-00945,2026-05-18,Germany,Consumer,Paid Search
CUST-00946,2025-06-29,UK,Consumer,Direct
CUST-00947,2026-06-02,Germany,Mid-Market,Paid Search
CUST-00948,2025-03-29,UK,SMB,Direct
CUST-00949,2024-02-11,UK,Mid-Market,Referral
CUST-00950,2024-06-30,UAE,Consumer,Referral
CUST-00951,2025-11-21,UK,Consumer,Organic
CUST-00952,2025-09-06,Germany,Enterprise,Paid Search
CUST-00953,2024-10-12,India,Consumer,Partner
CUST-00954,2025-08-22,UK,Enterprise,Organic
CUST-00955,2026-01-22,UK,Consumer,Referral
CUST-00956,2025-05-06,India,SMB,Partner
CUST-00957,2024-05-10,India,Mid-Market,Direct
CUST-00958,2024-06-14,US,SMB,Partner
CUST-00959,2024-03-09,Germany,Mid-Market,Direct
CUST-00960,2025-03-13,US,Enterprise,Paid Search
CUST-00961,2026-03-03,US,Consumer,Partner
CUST-00962,2024-08-02,UK,Enterprise,Partner
CUST-00963,2026-05-08,Germany,Enterprise,Organic
CUST-00964,2024-07-03,US,Consumer,Paid Search
CUST-00965,2025-08-12,Germany,Consumer,Direct
CUST-00966,2025-08-16,UK,Consumer,Partner
CUST-00967,2024-02-20,UK,Enterprise,Partner
CUST-00968,2025-09-13,UK,SMB,Referral
CUST-00969,2026-03-09,UK,Consumer,Direct
CUST-00970,2025-05-29,India,Consumer,Organic
CUST-00971,2025-07-29,UK,Consumer,Paid Search
CUST-00972,2025-12-31,Germany,Mid-Market,Direct
CUST-00973,2026-06-15,UAE,SMB,Referral
CUST-00974,2026-05-14,US,Consumer,Paid Search
CUST-00975,2024-08-09,UK,Consumer,Direct
CUST-00976,2024-02-16,UK,SMB,Referral
CUST-00977,2024-03-24,UK,Enterprise,Paid Search
CUST-00978,2025-05-14,UK,Consumer,Organic
CUST-00979,2026-03-06,Germany,SMB,Organic
CUST-00980,2025-02-10,India,Consumer,Referral
CUST-00981,2024-10-27,India,SMB,Direct
CUST-00982,2024-02-08,UK,SMB,Referral
CUST-00983,2025-12-22,UK,Consumer,Paid Search
CUST-00984,2024-06-14,US,Consumer,Organic
CUST-00985,2025-09-09,UAE,SMB,Partner
CUST-00986,2024-08-05,UK,Consumer,Paid Search
CUST-00987,2024-01-12,UAE,Mid-Market,Organic
CUST-00988,2024-04-20,UK,SMB,Organic
CUST-00989,2024-08-08,India,Mid-Market,Direct
CUST-00990,2025-10-20,India,SMB,Direct
CUST-00991,2025-07-19,Germany,Enterprise,Direct
CUST-00992,2025-08-13,UK,Consumer,Referral
CUST-00993,2024-07-09,UK,SMB,Referral
CUST-00994,2024-01-11,UK,Consumer,Paid Search
CUST-00995,2025-07-04,US,Mid-Market,Organic
CUST-00996,2024-05-11,UK,Consumer,Paid Search
CUST-00997,2024-06-17,UK,Enterprise,Referral
CUST-00998,2024-11-23,US,Consumer,Paid Search
CUST-00999,2024-09-10,UK,Enterprise,Direct
CUST-01000,2026-04-10,US,Enterprise,Direct
CUST-01001,2024-08-25,Germany,Mid-Market,Referral
CUST-01002,2025-07-13,UK,Consumer,Direct
CUST-01003,2025-12-09,US,SMB,Organic
CUST-01004,2024-01-24,UAE,SMB,Direct
CUST-01005,2025-02-26,UAE,Consumer,Organic
CUST-01006,2024-01-29,UK,Enterprise,Paid Search
CUST-01007,2026-05-06,UK,Consumer,Direct
CUST-01008,2026-05-16,UK,Consumer,Paid Search
CUST-01009,2024-08-13,India,Enterprise,Organic
CUST-01010,2026-03-16,UAE,SMB,Partner
CUST-01011,2024-02-27,UK,Consumer,Organic
CUST-01012,2024-08-11,UK,Consumer,Paid Search
CUST-01013,2026-06-14,UK,Consumer,Referral
CUST-01014,2024-07-29,UK,Enterprise,Referral
CUST-01015,2025-08-03,US,Consumer,Referral
CUST-01016,2026-05-03,UK,Mid-Market,Paid Search
CUST-01017,2025-09-17,US,Consumer,Referral
CUST-01018,2024-07-06,UAE,Consumer,Organic
CUST-01019,2024-05-23,UK,SMB,Referral
CUST-01020,2026-06-08,UK,SMB,Partner
CUST-01021,2025-10-28,UK,Consumer,Referral
CUST-01022,2025-12-22,Germany,SMB,Organic
CUST-01023,2024-07-22,US,Mid-Market,Organic
CUST-01024,2025-10-31,US,Consumer,Paid Search
CUST-01025,2024-12-08,India,Consumer,Direct
CUST-01026,2025-03-11,UK,SMB,Paid Search
CUST-01027,2024-08-17,UK,SMB,Referral
CUST-01028,2025-01-08,US,Mid-Market,Referral
CUST-01029,2024-12-11,UAE,Consumer,Referral
CUST-01030,2025-09-19,UK,Consumer,Organic
CUST-01031,2025-01-02,US,Mid-Market,Referral
CUST-01032,2025-06-09,UK,Mid-Market,Partner
CUST-01033,2026-03-30,UK,Mid-Market,Partner
CUST-01034,2025-10-02,India,Consumer,Referral
CUST-01035,2024-04-18,UK,Consumer,Direct
CUST-01036,2024-12-03,India,Mid-Market,Partner
CUST-01037,2024-12-03,UAE,Consumer,Referral
CUST-01038,2025-10-10,UK,Consumer,Organic
CUST-01039,2025-11-17,UK,Consumer,Paid Search
CUST-01040,2024-01-30,UAE,Consumer,Partner
CUST-01041,2024-07-07,India,Enterprise,Partner
CUST-01042,2024-01-29,Germany,Enterprise,Referral
CUST-01043,2025-06-01,UAE,Consumer,Paid Search
CUST-01044,2025-01-05,Germany,Consumer,Referral
CUST-01045,2024-06-25,US,SMB,Partner
CUST-01046,2025-10-28,UK,Enterprise,Referral
CUST-01047,2025-02-06,US,Consumer,Paid Search
CUST-01048,2026-01-24,UAE,Consumer,Direct
CUST-01049,2026-03-26,US,Mid-Market,Organic
CUST-01050,2025-01-16,UK,Consumer,Partner
CUST-01051,2024-01-29,India,Consumer,Organic
CUST-01052,2026-06-27,US,Mid-Market,Direct
CUST-01053,2025-07-05,UK,Mid-Market,Paid Search
CUST-01054,2026-02-26,UK,SMB,Referral
CUST-01055,2024-02-01,India,Consumer,Paid Search
CUST-01056,2025-10-09,UK,Consumer,Direct
CUST-01057,2025-11-08,Germany,SMB,Partner
CUST-01058,2024-09-02,UAE,Enterprise,Direct
CUST-01059,2024-01-06,UK,Consumer,Direct
CUST-01060,2026-05-17,US,Mid-Market,Partner
CUST-01061,2024-11-16,US,Consumer,Organic
CUST-01062,2026-01-22,UK,Consumer,Direct
CUST-01063,2025-10-15,Germany,Mid-Market,Direct
CUST-01064,2025-03-09,Germany,Consumer,Referral
CUST-01065,2026-01-23,UK,Enterprise,Partner
CUST-01066,2024-11-25,India,SMB,Organic
CUST-01067,2025-03-23,US,Enterprise,Direct
CUST-01068,2025-01-06,UAE,Enterprise,Referral
CUST-01069,2026-05-28,India,SMB,Organic
CUST-01070,2025-05-30,UK,SMB,Organic
CUST-01071,2026-01-24,UK,Mid-Market,Direct
CUST-01072,2025-06-02,UK,Enterprise,Organic
CUST-01073,2024-08-17,UK,Consumer,Paid Search
CUST-01074,2024-08-19,UAE,Consumer,Paid Search
CUST-01075,2024-02-21,US,Mid-Market,Direct
CUST-01076,2026-03-21,UAE,Consumer,Organic
CUST-01077,2024-09-22,UK,Consumer,Referral
CUST-01078,2025-01-03,Germany,Enterprise,Referral
CUST-01079,2026-04-08,UK,SMB,Direct
CUST-01080,2025-11-18,UK,Consumer,Direct
CUST-01081,2025-04-23,US,Consumer,Partner
CUST-01082,2025-12-04,Germany,Mid-Market,Organic
CUST-01083,2025-08-23,US,Mid-Market,Organic
CUST-01084,2025-04-23,Germany,Consumer,Organic
CUST-01085,2025-06-14,UK,Consumer,Partner
CUST-01086,2024-02-22,Germany,Consumer,Organic
CUST-01087,2025-09-10,UK,Mid-Market,Referral
CUST-01088,2024-02-23,India,Mid-Market,Paid Search
CUST-01089,2025-01-02,US,Mid-Market,Referral
CUST-01090,2024-07-03,UK,Consumer,Partner
CUST-01091,2024-06-29,India,Mid-Market,Paid Search
CUST-01092,2024-08-13,Germany,SMB,Partner
CUST-01093,2024-01-06,UAE,Consumer,Partner
CUST-01094,2026-06-16,UAE,SMB,Paid Search
CUST-01095,2026-04-20,UK,SMB,Organic
CUST-01096,2026-03-13,UK,SMB,Paid Search
CUST-01097,2024-04-26,UK,Consumer,Direct
CUST-01098,2025-06-09,India,Mid-Market,Referral
CUST-01099,2025-10-21,UK,SMB,Paid Search
CUST-01100,2024-03-10,UK,Mid-Market,Paid Search
CUST-01101,2025-04-27,UK,Consumer,Direct
CUST-01102,2024-12-20,UAE,SMB,Paid Search
CUST-01103,2024-09-19,UK,Consumer,Referral
CUST-01104,2024-02-22,India,Enterprise,Organic
CUST-01105,2025-05-05,Germany,Mid-Market,Organic
CUST-01106,2026-02-04,India,SMB,Partner
CUST-01107,2024-06-19,Germany,SMB,Partner
CUST-01108,2025-02-04,UK,SMB,Partner
CUST-01109,2025-07-09,UK,Mid-Market,Direct
CUST-01110,2024-09-24,US,Mid-Market,Partner
CUST-01111,2024-04-14,US,SMB,Organic
CUST-01112,2025-07-04,UK,Enterprise,Direct
CUST-01113,2025-06-09,Germany,SMB,Partner
CUST-01114,2024-11-30,India,SMB,Partner
CUST-01115,2024-03-15,Germany,Consumer,Direct
CUST-01116,2024-06-08,India,Enterprise,Direct
CUST-01117,2024-06-13,India,Mid-Market,Direct
CUST-01118,2026-05-17,US,Consumer,Partner
CUST-01119,2024-08-07,UAE,Consumer,Organic
CUST-01120,2025-02-05,UK,Consumer,Organic
CUST-01121,2025-01-29,UAE,Mid-Market,Partner
CUST-01122,2024-08-29,Germany,SMB,Direct
CUST-01123,2024-11-17,UK,Consumer,Direct
CUST-01124,2026-05-03,Germany,SMB,Referral
CUST-01125,2026-01-20,UK,Consumer,Partner
CUST-01126,2025-04-20,UAE,Mid-Market,Paid Search
CUST-01127,2024-05-31,US,Enterprise,Partner
CUST-01128,2025-12-07,US,Consumer,Organic
CUST-01129,2024-11-12,Germany,Mid-Market,Organic
CUST-01130,2026-02-11,India,SMB,Paid Search
CUST-01131,2025-11-05,UK,Consumer,Paid Search
CUST-01132,2025-10-15,US,Consumer,Direct
CUST-01133,2024-03-02,India,Mid-Market,Referral
CUST-01134,2024-10-19,Germany,Consumer,Paid Search
CUST-01135,2024-04-17,India,Enterprise,Organic
CUST-01136,2024-09-15,India,Enterprise,Organic
CUST-01137,2025-03-22,US,Mid-Market,Paid Search
CUST-01138,2026-02-28,UAE,Consumer,Paid Search
CUST-01139,2024-01-25,UK,SMB,Organic
CUST-01140,2024-01-01,UAE,SMB,Organic
CUST-01141,2025-04-17,UK,Mid-Market,Partner
CUST-01142,2025-05-08,UK,SMB,Organic
CUST-01143,2025-05-20,UK,SMB,Partner
CUST-01144,2025-06-13,India,Enterprise,Paid Search
CUST-01145,2025-05-14,UK,Consumer,Organic
CUST-01146,2024-07-27,UK,Consumer,Paid Search
CUST-01147,2026-05-30,Germany,Enterprise,Referral
CUST-01148,2024-06-27,India,Consumer,Direct
CUST-01149,2025-03-31,India,Enterprise,Paid Search
CUST-01150,2025-05-30,Germany,Consumer,Organic
CUST-01151,2025-02-05,India,SMB,Organic
CUST-01152,2024-01-17,India,Enterprise,Organic
CUST-01153,2025-07-06,UAE,Mid-Market,Direct
CUST-01154,2025-06-19,UAE,Consumer,Referral
CUST-01155,2024-11-02,US,Consumer,Organic
CUST-01156,2025-03-06,UK,Mid-Market,Referral
CUST-01157,2024-12-08,India,Consumer,Partner
CUST-01158,2025-04-02,UK,Consumer,Direct
CUST-01159,2026-03-12,India,Consumer,Partner
CUST-01160,2025-04-25,UAE,Consumer,Paid Search
CUST-01161,2024-08-10,UK,Enterprise,Partner
CUST-01162,2024-09-21,UK,SMB,Referral
CUST-01163,2026-05-17,India,Mid-Market,Organic
CUST-01164,2025-08-07,Germany,Consumer,Organic
CUST-01165,2024-01-23,UK,Consumer,Partner
CUST-01166,2024-01-19,US,Mid-Market,Paid Search
CUST-01167,2025-06-11,US,Consumer,Organic
CUST-01168,2025-04-03,UK,Mid-Market,Referral
CUST-01169,2026-05-05,UK,Enterprise,Partner
CUST-01170,2024-08-03,UK,Consumer,Referral
CUST-01171,2024-04-17,US,Consumer,Partner
CUST-01172,2024-01-23,UK,SMB,Partner
CUST-01173,2026-02-10,UK,Mid-Market,Organic
CUST-01174,2024-04-28,UK,SMB,Partner
CUST-01175,2026-01-28,India,SMB,Paid Search
CUST-01176,2025-06-05,US,Consumer,Partner
CUST-01177,2025-06-23,US,Consumer,Referral
CUST-01178,2025-11-18,India,Consumer,Partner
CUST-01179,2026-02-13,India,SMB,Direct
CUST-01180,2024-08-21,India,Enterprise,Paid Search
CUST-01181,2026-01-24,Germany,Consumer,Referral
CUST-01182,2025-02-03,India,Mid-Market,Partner
CUST-01183,2025-03-13,US,Mid-Market,Referral
CUST-01184,2026-06-27,India,Consumer,Direct
CUST-01185,2026-02-16,UK,Consumer,Referral
CUST-01186,2024-11-05,UK,SMB,Paid Search
CUST-01187,2026-04-03,US,Consumer,Partner
CUST-01188,2024-02-15,Germany,Consumer,Organic
CUST-01189,2024-10-06,UK,Mid-Market,Referral
CUST-01190,2024-05-06,Germany,Consumer,Paid Search
CUST-01191,2025-03-08,UK,Mid-Market,Paid Search
CUST-01192,2024-06-23,Germany,Consumer,Partner
CUST-01193,2024-02-19,Germany,Consumer,Direct
CUST-01194,2024-03-20,US,Consumer,Direct
CUST-01195,2025-12-26,US,SMB,Partner
CUST-01196,2024-03-18,UAE,Mid-Market,Referral
CUST-01197,2025-12-31,Germany,SMB,Partner
CUST-01198,2024-12-06,Germany,SMB,Paid Search
CUST-01199,2024-07-25,India,SMB,Paid Search
CUST-01200,2025-02-09,UK,SMB,Referral
CUST-01201,2024-06-30,Germany,Enterprise,Direct
CUST-01202,2024-03-31,UAE,Consumer,Referral
CUST-01203,2026-06-26,UK,Enterprise,Partner
CUST-01204,2024-02-06,UK,Mid-Market,Partner
CUST-01205,2024-05-21,UAE,Mid-Market,Organic
CUST-01206,2026-04-24,UK,Consumer,Paid Search
CUST-01207,2026-02-10,India,Consumer,Direct
CUST-01208,2024-07-02,UK,Consumer,Organic
CUST-01209,2026-05-22,UK,Enterprise,Referral
CUST-01210,2025-04-01,US,Consumer,Partner
CUST-01211,2024-01-13,Germany,Consumer,Referral
CUST-01212,2025-01-26,UK,Consumer,Organic
CUST-01213,2024-01-16,UK,Enterprise,Partner
CUST-01214,2026-01-25,India,Consumer,Organic
CUST-01215,2024-03-16,UK,SMB,Direct
CUST-01216,2026-02-21,Germany,Enterprise,Paid Search
CUST-01217,2026-06-29,UK,Mid-Market,Partner
CUST-01218,2025-05-13,UAE,SMB,Paid Search
CUST-01219,2025-01-02,UK,Consumer,Direct
CUST-01220,2024-12-05,UK,Consumer,Partner
CUST-01221,2024-07-18,UK,Consumer,Referral
CUST-01222,2025-12-02,UK,Mid-Market,Organic
CUST-01223,2024-02-12,UK,Consumer,Paid Search
CUST-01224,2025-10-01,UAE,SMB,Referral
CUST-01225,2025-10-09,UK,SMB,Organic
CUST-01226,2026-04-26,India,SMB,Referral
CUST-01227,2024-08-13,Germany,Mid-Market,Organic
CUST-01228,2024-01-07,UK,Consumer,Direct
CUST-01229,2025-05-21,UAE,SMB,Organic
CUST-01230,2025-09-17,UK,SMB,Direct
CUST-01231,2026-03-31,Germany,Enterprise,Direct
CUST-01232,2026-02-18,UAE,Consumer,Partner
CUST-01233,2024-11-23,US,Consumer,Direct
CUST-01234,2026-06-23,UAE,Mid-Market,Partner
CUST-01235,2025-12-30,India,SMB,Direct
CUST-01236,2025-10-21,India,Consumer,Direct
CUST-01237,2024-06-23,US,SMB,Direct
CUST-01238,2026-01-16,Germany,SMB,Referral
CUST-01239,2024-08-09,UK,Consumer,Paid Search
CUST-01240,2025-05-30,UK,Consumer,Direct
CUST-01241,2026-06-10,UAE,Mid-Market,Direct
CUST-01242,2024-01-05,UK,SMB,Partner
CUST-01243,2026-06-29,India,SMB,Paid Search
CUST-01244,2026-03-24,Germany,Consumer,Organic
CUST-01245,2025-07-08,US,Consumer,Referral
CUST-01246,2024-01-07,UK,SMB,Paid Search
CUST-01247,2024-07-24,UK,Mid-Market,Organic
CUST-01248,2026-02-27,UK,Consumer,Organic
CUST-01249,2025-09-09,India,Mid-Market,Partner
CUST-01250,2026-04-30,India,SMB,Paid Search
CUST-01251,2026-01-08,US,SMB,Partner
CUST-01252,2026-03-18,UAE,Consumer,Referral
CUST-01253,2024-09-13,UK,Enterprise,Direct
CUST-01254,2026-01-27,UK,Mid-Market,Paid Search
CUST-01255,2025-02-20,UK,SMB,Partner
CUST-01256,2024-04-25,UK,Consumer,Organic
CUST-01257,2026-06-20,UK,Mid-Market,Direct
CUST-01258,2025-10-01,Germany,Consumer,Organic
CUST-01259,2024-09-02,UAE,Consumer,Partner
CUST-01260,2024-07-13,UAE,Consumer,Partner
CUST-01261,2024-11-16,UK,Consumer,Paid Search
CUST-01262,2024-07-12,UAE,Consumer,Referral
CUST-01263,2026-05-24,India,SMB,Paid Search
CUST-01264,2026-01-10,UK,SMB,Partner
CUST-01265,2026-04-22,UAE,Consumer,Organic
CUST-01266,2025-09-26,UAE,Consumer,Paid Search
CUST-01267,2024-11-20,India,Enterprise,Direct
CUST-01268,2026-01-05,UAE,SMB,Organic
CUST-01269,2024-11-02,India,Mid-Market,Partner
CUST-01270,2025-06-07,India,Mid-Market,Paid Search
CUST-01271,2024-02-27,India,SMB,Partner
CUST-01272,2024-09-17,US,Mid-Market,Organic
CUST-01273,2024-05-07,UK,SMB,Partner
CUST-01274,2026-02-18,US,SMB,Organic
CUST-01275,2024-10-18,India,SMB,Partner
CUST-01276,2024-07-25,UK,Enterprise,Partner
CUST-01277,2026-04-30,India,Mid-Market,Partner
CUST-01278,2025-12-29,US,Consumer,Referral
CUST-01279,2025-12-24,Germany,Mid-Market,Direct
CUST-01280,2025-04-19,UK,SMB,Referral
CUST-01281,2024-04-21,UAE,SMB,Paid Search
CUST-01282,2024-04-01,US,Enterprise,Direct
CUST-01283,2025-07-01,UK,Consumer,Paid Search
CUST-01284,2024-02-14,US,Mid-Market,Direct
CUST-01285,2026-06-10,UK,SMB,Organic
CUST-01286,2025-09-12,Germany,SMB,Paid Search
CUST-01287,2024-01-03,US,Consumer,Organic
CUST-01288,2025-04-21,UK,SMB,Referral
CUST-01289,2024-11-21,Germany,Consumer,Referral
CUST-01290,2024-05-04,US,SMB,Referral
CUST-01291,2025-05-19,India,Consumer,Paid Search
CUST-01292,2026-03-01,US,Mid-Market,Direct
CUST-01293,2025-11-06,UAE,Enterprise,Direct
CUST-01294,2024-02-06,UK,Mid-Market,Paid Search
CUST-01295,2024-02-15,UK,SMB,Partner
CUST-01296,2026-01-17,US,Consumer,Referral
CUST-01297,2024-12-11,Germany,Enterprise,Direct
CUST-01298,2024-06-15,India,Consumer,Paid Search
CUST-01299,2025-11-09,US,Consumer,Organic
CUST-01300,2025-03-20,India,Mid-Market,Referral
CUST-01301,2025-02-15,India,SMB,Referral
CUST-01302,2024-01-24,India,SMB,Organic
CUST-01303,2024-07-04,Germany,Consumer,Paid Search
CUST-01304,2026-05-17,UK,Consumer,Partner
CUST-01305,2024-05-28,India,Consumer,Partner
CUST-01306,2025-03-04,UK,Mid-Market,Partner
CUST-01307,2025-06-13,UK,Consumer,Referral
CUST-01308,2024-06-09,India,SMB,Direct
CUST-01309,2026-05-17,India,Consumer,Organic
CUST-01310,2024-01-24,UK,SMB,Partner
CUST-01311,2025-12-13,UK,SMB,Partner
CUST-01312,2024-05-09,UAE,Mid-Market,Direct
CUST-01313,2024-08-08,UAE,Enterprise,Direct
CUST-01314,2024-05-08,US,Consumer,Referral
CUST-01315,2024-01-24,UK,Consumer,Referral
CUST-01316,2024-09-18,UK,Consumer,Partner
CUST-01317,2024-08-02,US,Enterprise,Organic
CUST-01318,2025-03-26,UK,Consumer,Referral
CUST-01319,2026-03-06,India,Mid-Market,Partner
CUST-01320,2025-05-10,India,SMB,Paid Search
CUST-01321,2024-09-24,US,Mid-Market,Organic
CUST-01322,2025-06-29,US,Mid-Market,Paid Search
CUST-01323,2024-11-23,US,Consumer,Organic
CUST-01324,2026-02-05,US,SMB,Partner
CUST-01325,2024-10-01,US,SMB,Paid Search
CUST-01326,2026-05-21,UK,Consumer,Referral
CUST-01327,2025-11-25,India,Consumer,Paid Search
CUST-01328,2024-08-10,India,Consumer,Organic
CUST-01329,2024-11-24,US,Consumer,Referral
CUST-01330,2025-01-16,UAE,SMB,Paid Search
CUST-01331,2024-12-29,US,Enterprise,Referral
CUST-01332,2025-07-19,US,Consumer,Paid Search
CUST-01333,2025-11-26,UK,SMB,Referral
CUST-01334,2024-03-30,India,Consumer,Paid Search
CUST-01335,2024-03-23,India,SMB,Paid Search
CUST-01336,2026-05-20,UAE,Enterprise,Direct
CUST-01337,2024-12-13,US,Consumer,Paid Search
CUST-01338,2024-08-06,UK,Mid-Market,Partner
CUST-01339,2025-09-07,UK,Consumer,Partner
CUST-01340,2025-03-02,Germany,SMB,Direct
CUST-01341,2024-03-17,UAE,Enterprise,Organic
CUST-01342,2024-08-30,India,Consumer,Referral
CUST-01343,2024-10-07,UK,SMB,Partner
CUST-01344,2025-12-26,UAE,Mid-Market,Paid Search
CUST-01345,2024-03-20,UAE,Consumer,Paid Search
CUST-01346,2025-03-18,UK,SMB,Direct
CUST-01347,2024-08-02,India,SMB,Referral
CUST-01348,2026-01-26,India,Mid-Market,Direct
CUST-01349,2024-11-06,UK,SMB,Referral
CUST-01350,2024-06-27,UK,SMB,Referral
CUST-01351,2024-06-21,Germany,SMB,Referral
CUST-01352,2025-12-05,Germany,SMB,Paid Search
CUST-01353,2024-04-24,India,Consumer,Referral
CUST-01354,2024-03-10,India,Consumer,Direct
CUST-01355,2026-04-30,UK,Consumer,Paid Search
CUST-01356,2026-01-06,India,Consumer,Direct
CUST-01357,2024-09-21,UK,SMB,Partner
CUST-01358,2025-02-22,US,Consumer,Partner
CUST-01359,2025-12-11,US,Mid-Market,Referral
CUST-01360,2026-04-26,UK,Enterprise,Referral
CUST-01361,2026-03-24,UK,SMB,Referral
CUST-01362,2025-08-09,UK,Consumer,Partner
CUST-01363,2025-10-29,US,Enterprise,Organic
CUST-01364,2025-01-28,India,Consumer,Direct
CUST-01365,2024-08-02,Germany,SMB,Partner
CUST-01366,2024-12-13,UAE,Enterprise,Referral
CUST-01367,2025-12-15,India,SMB,Organic
CUST-01368,2026-01-03,UK,Consumer,Direct
CUST-01369,2026-01-10,UK,Consumer,Organic
CUST-01370,2024-07-02,Germany,Mid-Market,Referral
CUST-01371,2025-11-10,India,Enterprise,Paid Search
CUST-01372,2026-04-09,US,Consumer,Direct
CUST-01373,2025-05-19,UAE,Consumer,Partner
CUST-01374,2025-03-01,India,Enterprise,Paid Search
CUST-01375,2025-10-22,UK,SMB,Referral
CUST-01376,2025-12-27,India,Consumer,Partner
CUST-01377,2025-08-26,UK,Mid-Market,Referral
CUST-01378,2025-08-25,US,Consumer,Referral
CUST-01379,2025-07-13,UK,Enterprise,Paid Search
CUST-01380,2025-06-18,India,Mid-Market,Partner
CUST-01381,2026-06-18,US,Mid-Market,Direct
CUST-01382,2025-08-04,India,Consumer,Partner
CUST-01383,2024-04-05,India,Consumer,Referral
CUST-01384,2025-03-13,UAE,SMB,Direct
CUST-01385,2024-06-26,Germany,Consumer,Referral
CUST-01386,2024-12-19,Germany,Mid-Market,Organic
CUST-01387,2024-02-13,UK,Enterprise,Paid Search
CUST-01388,2024-06-24,Germany,Consumer,Direct
CUST-01389,2025-05-11,US,Consumer,Organic
CUST-01390,2025-07-11,UK,Consumer,Partner
CUST-01391,2024-12-17,UK,SMB,Organic
CUST-01392,2025-11-05,India,Mid-Market,Partner
CUST-01393,2025-04-02,India,SMB,Referral
CUST-01394,2024-06-17,UAE,Consumer,Organic
CUST-01395,2024-06-13,UK,Mid-Market,Referral
CUST-01396,2025-09-27,UK,Mid-Market,Paid Search
CUST-01397,2025-03-25,UK,SMB,Referral
CUST-01398,2025-02-22,US,Consumer,Referral
CUST-01399,2026-02-02,UAE,Mid-Market,Organic
CUST-01400,2024-04-16,UK,SMB,Partner
CUST-01401,2024-07-28,US,SMB,Direct
CUST-01402,2025-01-13,UAE,Consumer,Referral
CUST-01403,2025-11-29,UK,Consumer,Direct
CUST-01404,2025-10-08,Germany,Mid-Market,Paid Search
CUST-01405,2024-11-08,UK,Enterprise,Paid Search
CUST-01406,2025-11-19,UK,Consumer,Referral
CUST-01407,2025-03-08,US,Consumer,Referral
CUST-01408,2026-02-20,UK,SMB,Organic
CUST-01409,2025-03-02,India,Consumer,Partner
CUST-01410,2024-06-11,UK,SMB,Direct
CUST-01411,2024-05-31,Germany,SMB,Referral
CUST-01412,2024-11-28,India,Consumer,Referral
CUST-01413,2024-06-22,UK,Consumer,Organic
CUST-01414,2024-09-27,India,Enterprise,Referral
CUST-01415,2025-06-04,US,Enterprise,Direct
CUST-01416,2024-01-11,Germany,SMB,Direct
CUST-01417,2025-06-23,UK,Mid-Market,Referral
CUST-01418,2024-04-07,US,Mid-Market,Organic
CUST-01419,2026-01-08,India,Consumer,Organic
CUST-01420,2025-10-31,US,SMB,Paid Search
CUST-01421,2025-05-25,US,Mid-Market,Organic
CUST-01422,2024-06-24,UK,SMB,Organic
CUST-01423,2025-12-04,US,Mid-Market,Organic
CUST-01424,2024-07-10,US,Mid-Market,Direct
CUST-01425,2025-07-15,US,Consumer,Paid Search
CUST-01426,2025-11-21,US,SMB,Paid Search
CUST-01427,2024-10-01,US,Mid-Market,Direct
CUST-01428,2026-03-12,US,Consumer,Organic
CUST-01429,2025-09-10,UAE,SMB,Referral
CUST-01430,2026-05-12,UAE,Mid-Market,Organic
CUST-01431,2025-03-27,UK,SMB,Partner
CUST-01432,2025-05-09,Germany,Mid-Market,Paid Search
CUST-01433,2025-02-03,US,Mid-Market,Paid Search
CUST-01434,2024-09-13,India,Consumer,Direct
CUST-01435,2025-10-13,UK,Consumer,Direct
CUST-01436,2026-04-24,UK,Consumer,Referral
CUST-01437,2025-05-24,UAE,Consumer,Direct
CUST-01438,2025-01-09,US,SMB,Direct
CUST-01439,2026-02-26,US,Consumer,Partner
CUST-01440,2025-08-25,UK,Consumer,Organic
CUST-01441,2026-06-07,US,Consumer,Partner
CUST-01442,2026-02-27,UK,SMB,Direct
CUST-01443,2024-03-08,India,SMB,Organic
CUST-01444,2026-01-27,India,Consumer,Organic
CUST-01445,2024-12-16,US,Consumer,Direct
CUST-01446,2025-12-13,UK,Mid-Market,Organic
CUST-01447,2024-02-11,Germany,Mid-Market,Direct
CUST-01448,2025-11-18,UK,Mid-Market,Partner
CUST-01449,2026-01-11,US,SMB,Organic
CUST-01450,2025-07-20,UK,Consumer,Partner
CUST-01451,2024-10-06,Germany,SMB,Organic
CUST-01452,2024-07-08,UK,SMB,Partner
CUST-01453,2024-07-31,US,Consumer,Referral
CUST-01454,2026-02-25,India,SMB,Partner
CUST-01455,2026-05-13,India,Mid-Market,Direct
CUST-01456,2025-02-04,US,Consumer,Paid Search
CUST-01457,2025-10-06,UK,SMB,Organic
CUST-01458,2024-05-18,US,Mid-Market,Direct
CUST-01459,2024-07-19,UK,Enterprise,Referral
CUST-01460,2025-07-18,UK,Consumer,Direct
CUST-01461,2025-08-24,UAE,SMB,Direct
CUST-01462,2024-06-22,US,Consumer,Organic
CUST-01463,2024-10-11,Germany,SMB,Direct
CUST-01464,2024-10-10,US,Mid-Market,Paid Search
CUST-01465,2025-04-04,Germany,SMB,Paid Search
CUST-01466,2024-01-31,US,SMB,Organic
CUST-01467,2025-02-19,UK,Mid-Market,Organic
CUST-01468,2026-02-21,UK,Consumer,Referral
CUST-01469,2025-11-27,India,SMB,Partner
CUST-01470,2024-04-30,Germany,Enterprise,Partner
CUST-01471,2025-08-04,US,Consumer,Partner
CUST-01472,2025-10-26,Germany,Consumer,Direct
CUST-01473,2026-02-15,US,SMB,Direct
CUST-01474,2025-10-12,Germany,Enterprise,Direct
CUST-01475,2026-06-22,US,Consumer,Paid Search
CUST-01476,2026-01-11,UAE,SMB,Organic
CUST-01477,2024-10-21,Germany,SMB,Organic
CUST-01478,2025-01-09,India,SMB,Partner
CUST-01479,2025-04-12,US,Consumer,Referral
CUST-01480,2025-04-09,UK,Consumer,Organic
CUST-01481,2025-04-25,UK,Consumer,Paid Search
CUST-01482,2026-04-02,India,SMB,Referral
CUST-01483,2024-02-19,Germany,Enterprise,Referral
CUST-01484,2025-09-17,US,Consumer,Organic
CUST-01485,2025-03-13,UAE,SMB,Organic
CUST-01486,2024-08-25,Germany,Consumer,Organic
CUST-01487,2025-01-02,India,Mid-Market,Referral
CUST-01488,2026-05-04,UK,Consumer,Referral
CUST-01489,2024-11-29,Germany,Mid-Market,Partner
CUST-01490,2025-03-22,India,Enterprise,Organic
CUST-01491,2024-11-04,US,SMB,Referral
CUST-01492,2026-06-29,UK,Consumer,Paid Search
CUST-01493,2026-03-05,India,Enterprise,Organic
CUST-01494,2026-03-10,India,Mid-Market,Referral
CUST-01495,2025-02-14,Germany,Mid-Market,Direct
CUST-01496,2025-12-29,India,Enterprise,Partner
CUST-01497,2025-06-27,UK,Mid-Market,Paid Search
CUST-01498,2024-09-08,India,Enterprise,Paid Search
CUST-01499,2025-10-27,UK,Mid-Market,Paid Search
CUST-01500,2025-10-29,UK,Consumer,Referral
CUST-01501,2024-09-02,UK,Consumer,Partner
CUST-01502,2025-08-26,US,Consumer,Organic
CUST-01503,2025-12-04,UAE,Consumer,Partner
CUST-01504,2025-05-31,UK,Enterprise,Organic
CUST-01505,2024-04-26,US,Consumer,Direct
CUST-01506,2024-02-16,UAE,Mid-Market,Organic
CUST-01507,2026-01-28,UK,Consumer,Paid Search
CUST-01508,2024-11-29,UAE,SMB,Direct
CUST-01509,2025-10-29,UAE,Consumer,Paid Search
CUST-01510,2026-03-17,UK,Mid-Market,Referral
CUST-01511,2026-03-17,UAE,Consumer,Direct
CUST-01512,2024-12-22,UAE,SMB,Paid Search
CUST-01513,2026-04-10,US,Consumer,Partner
CUST-01514,2026-04-18,UAE,Consumer,Partner
CUST-01515,2026-06-27,US,SMB,Partner
CUST-01516,2024-11-26,US,Consumer,Direct
CUST-01517,2024-11-19,Germany,SMB,Partner
CUST-01518,2024-03-10,India,SMB,Referral
CUST-01519,2026-02-14,US,Consumer,Paid Search
CUST-01520,2025-10-05,UK,Consumer,Referral
CUST-01521,2025-07-22,India,SMB,Referral
CUST-01522,2025-02-17,Germany,SMB,Organic
CUST-01523,2025-04-04,Germany,SMB,Organic
CUST-01524,2024-08-03,US,SMB,Paid Search
CUST-01525,2024-06-23,UK,Consumer,Referral
CUST-01526,2024-10-18,India,SMB,Referral
CUST-01527,2024-03-20,UAE,Consumer,Partner
CUST-01528,2024-02-06,US,Enterprise,Direct
CUST-01529,2024-11-10,Germany,SMB,Direct
CUST-01530,2024-02-27,UK,Consumer,Paid Search
CUST-01531,2024-08-27,US,Enterprise,Direct
CUST-01532,2024-09-17,India,Consumer,Direct
CUST-01533,2025-05-15,US,Consumer,Referral
CUST-01534,2025-02-04,Germany,Enterprise,Referral
CUST-01535,2026-02-09,UK,SMB,Partner
CUST-01536,2024-12-19,US,Consumer,Referral
CUST-01537,2026-05-03,US,Mid-Market,Referral
CUST-01538,2026-04-30,Germany,Mid-Market,Direct
CUST-01539,2025-07-31,UK,Consumer,Paid Search
CUST-01540,2024-02-06,UK,SMB,Partner
CUST-01541,2024-11-17,US,SMB,Referral
CUST-01542,2024-01-04,India,Consumer,Partner
CUST-01543,2026-06-12,US,Consumer,Partner
CUST-01544,2026-01-25,UAE,Consumer,Referral
CUST-01545,2025-05-30,US,SMB,Partner
CUST-01546,2024-04-18,Germany,Mid-Market,Partner
CUST-01547,2024-11-25,US,Consumer,Organic
CUST-01548,2026-06-11,Germany,SMB,Referral
CUST-01549,2025-07-29,US,Consumer,Partner
CUST-01550,2025-03-29,India,Mid-Market,Paid Search
CUST-01551,2025-07-31,UAE,Consumer,Paid Search
CUST-01552,2024-07-26,UK,Consumer,Direct
CUST-01553,2024-10-25,US,SMB,Partner
CUST-01554,2024-10-03,UAE,Mid-Market,Paid Search
CUST-01555,2026-01-14,Germany,Consumer,Referral
CUST-01556,2026-02-03,India,SMB,Direct
CUST-01557,2025-10-28,India,SMB,Organic
CUST-01558,2024-08-05,UAE,Consumer,Direct
CUST-01559,2025-03-27,UK,SMB,Partner
CUST-01560,2025-01-26,UK,SMB,Paid Search
CUST-01561,2025-12-28,US,SMB,Organic
CUST-01562,2026-02-07,India,SMB,Direct
CUST-01563,2025-06-30,UK,Consumer,Organic
CUST-01564,2026-05-27,UK,SMB,Partner
CUST-01565,2024-09-12,UK,SMB,Partner
CUST-01566,2025-07-30,Germany,Enterprise,Paid Search
CUST-01567,2025-02-28,India,Consumer,Paid Search
CUST-01568,2025-12-11,India,Consumer,Paid Search
CUST-01569,2025-09-23,US,SMB,Direct
CUST-01570,2025-06-23,UAE,SMB,Organic
CUST-01571,2025-02-07,UAE,Mid-Market,Referral
CUST-01572,2025-12-10,Germany,Enterprise,Organic
CUST-01573,2025-09-18,US,Mid-Market,Partner
CUST-01574,2026-06-15,US,Consumer,Direct
CUST-01575,2025-03-28,UK,Consumer,Paid Search
CUST-01576,2026-05-03,India,Consumer,Paid Search
CUST-01577,2024-08-23,UAE,Consumer,Referral
CUST-01578,2025-07-31,UK,Consumer,Direct
CUST-01579,2024-09-17,UK,Mid-Market,Partner
CUST-01580,2025-05-04,India,SMB,Organic
CUST-01581,2024-03-04,India,Mid-Market,Referral
CUST-01582,2025-04-14,US,Consumer,Paid Search
CUST-01583,2024-08-06,India,Enterprise,Partner
CUST-01584,2025-09-16,UAE,Consumer,Paid Search
CUST-01585,2024-02-02,Germany,Consumer,Organic
CUST-01586,2025-03-03,UK,Enterprise,Direct
CUST-01587,2026-05-19,US,SMB,Organic
CUST-01588,2024-04-26,UAE,Consumer,Referral
CUST-01589,2025-05-26,US,Mid-Market,Partner
CUST-01590,2026-05-19,US,Consumer,Organic
CUST-01591,2025-08-24,India,Consumer,Partner
CUST-01592,2026-03-15,UK,Consumer,Referral
CUST-01593,2024-09-18,UAE,Enterprise,Paid Search
CUST-01594,2026-01-06,UK,Enterprise,Direct
CUST-01595,2024-04-10,US,SMB,Organic
CUST-01596,2024-11-15,UK,Mid-Market,Direct
CUST-01597,2026-02-17,UK,Consumer,Paid Search
CUST-01598,2024-04-13,UK,SMB,Paid Search
CUST-01599,2024-12-07,US,SMB,Partner
CUST-01600,2024-08-29,US,Mid-Market,Referral
CUST-01601,2025-12-22,Germany,Consumer,Organic
CUST-01602,2024-06-24,Germany,Consumer,Referral
CUST-01603,2025-11-13,Germany,Enterprise,Paid Search
CUST-01604,2026-06-26,UAE,Enterprise,Paid Search
CUST-01605,2025-08-15,Germany,SMB,Partner
CUST-01606,2026-06-10,Germany,Mid-Market,Direct
CUST-01607,2024-08-31,UK,Mid-Market,Partner
CUST-01608,2024-10-26,US,SMB,Partner
CUST-01609,2026-02-06,UAE,SMB,Paid Search
CUST-01610,2025-12-11,UK,SMB,Partner
CUST-01611,2026-04-24,UK,Consumer,Partner
CUST-01612,2025-02-28,UK,SMB,Partner
CUST-01613,2025-06-25,UAE,Enterprise,Direct
CUST-01614,2024-09-17,US,Consumer,Referral
CUST-01615,2025-08-28,UK,Consumer,Paid Search
CUST-01616,2025-12-19,Germany,Mid-Market,Organic
CUST-01617,2024-09-27,UK,Consumer,Organic
CUST-01618,2025-01-01,UAE,Consumer,Paid Search
CUST-01619,2025-07-16,Germany,Mid-Market,Organic
CUST-01620,2026-01-28,Germany,Mid-Market,Paid Search
CUST-01621,2024-10-11,Germany,Enterprise,Organic
CUST-01622,2024-05-02,Germany,Consumer,Referral
CUST-01623,2024-07-03,UAE,Consumer,Referral
CUST-01624,2024-04-29,US,Consumer,Partner
CUST-01625,2024-03-17,UK,Consumer,Paid Search
CUST-01626,2024-04-10,US,SMB,Direct
CUST-01627,2024-05-11,India,Mid-Market,Direct
CUST-01628,2026-02-22,UAE,SMB,Referral
CUST-01629,2024-11-05,India,SMB,Paid Search
CUST-01630,2024-07-12,US,Consumer,Partner
CUST-01631,2025-06-26,US,SMB,Partner
CUST-01632,2026-02-27,Germany,Mid-Market,Direct
CUST-01633,2026-01-01,US,SMB,Organic
CUST-01634,2024-12-25,US,SMB,Direct
CUST-01635,2026-06-07,UK,Consumer,Paid Search
CUST-01636,2024-11-01,UK,SMB,Referral
CUST-01637,2024-02-02,UAE,Consumer,Partner
CUST-01638,2026-05-22,India,SMB,Partner
CUST-01639,2025-10-05,India,Mid-Market,Partner
CUST-01640,2026-03-10,UAE,Enterprise,Partner
CUST-01641,2025-01-19,UK,Consumer,Partner
CUST-01642,2024-04-14,UK,Consumer,Direct
CUST-01643,2025-07-14,India,Consumer,Partner
CUST-01644,2025-04-28,India,SMB,Direct
CUST-01645,2025-06-10,US,Mid-Market,Organic
CUST-01646,2025-03-17,UAE,Mid-Market,Organic
CUST-01647,2024-06-13,UK,Consumer,Organic
CUST-01648,2024-11-13,UAE,Consumer,Organic
CUST-01649,2024-03-19,UK,Mid-Market,Direct
CUST-01650,2025-06-08,India,SMB,Referral
CUST-01651,2025-09-30,India,Consumer,Partner
CUST-01652,2025-10-25,UAE,Mid-Market,Referral
CUST-01653,2026-01-15,US,Mid-Market,Organic
CUST-01654,2026-04-28,India,Mid-Market,Organic
CUST-01655,2024-12-18,UK,Consumer,Referral
CUST-01656,2024-10-20,UAE,Mid-Market,Organic
CUST-01657,2026-03-02,India,SMB,Direct
CUST-01658,2025-02-18,Germany,SMB,Referral
CUST-01659,2024-04-27,UK,Mid-Market,Partner
CUST-01660,2025-02-24,India,Mid-Market,Referral
CUST-01661,2025-09-13,India,SMB,Partner
CUST-01662,2024-03-19,US,Consumer,Partner
CUST-01663,2025-06-04,UAE,SMB,Organic
CUST-01664,2026-03-11,US,Consumer,Organic
CUST-01665,2026-04-17,UK,Consumer,Organic
CUST-01666,2024-04-21,US,SMB,Direct
CUST-01667,2024-08-04,US,Consumer,Paid Search
CUST-01668,2025-08-18,US,SMB,Direct
CUST-01669,2025-08-31,UK,Enterprise,Organic
CUST-01670,2025-07-17,UK,SMB,Partner
CUST-01671,2024-07-16,UK,Consumer,Organic
CUST-01672,2026-03-27,US,SMB,Partner
CUST-01673,2024-07-15,US,Consumer,Partner
CUST-01674,2024-04-15,India,Consumer,Partner
CUST-01675,2024-03-27,US,Mid-Market,Direct
CUST-01676,2024-04-27,India,SMB,Direct
CUST-01677,2024-11-30,India,Mid-Market,Organic
CUST-01678,2026-02-04,UAE,SMB,Direct
CUST-01679,2026-05-23,US,Enterprise,Partner
CUST-01680,2025-09-16,US,Consumer,Paid Search
CUST-01681,2025-10-08,UK,Consumer,Paid Search
CUST-01682,2026-03-22,UAE,Enterprise,Partner
CUST-01683,2025-10-12,Germany,Consumer,Organic
CUST-01684,2025-01-18,UK,Mid-Market,Paid Search
CUST-01685,2024-12-03,UAE,Consumer,Partner
CUST-01686,2025-09-28,India,Consumer,Direct
CUST-01687,2025-06-17,US,SMB,Organic
CUST-01688,2025-05-06,Germany,Mid-Market,Direct
CUST-01689,2025-04-30,US,Consumer,Direct
CUST-01690,2024-11-05,India,Enterprise,Partner
CUST-01691,2025-05-21,Germany,SMB,Referral
CUST-01692,2024-05-10,US,Enterprise,Referral
CUST-01693,2025-02-04,UK,SMB,Organic
CUST-01694,2024-02-04,India,SMB,Paid Search
CUST-01695,2024-12-06,Germany,SMB,Direct
CUST-01696,2024-12-20,India,Mid-Market,Paid Search
CUST-01697,2024-01-03,UK,SMB,Direct
CUST-01698,2024-11-03,US,SMB,Direct
CUST-01699,2025-11-13,UK,SMB,Organic
CUST-01700,2024-06-04,US,SMB,Referral
CUST-01701,2024-04-03,Germany,Consumer,Referral
CUST-01702,2025-06-03,UK,Mid-Market,Organic
CUST-01703,2024-03-28,Germany,Consumer,Paid Search
CUST-01704,2026-01-14,US,Consumer,Direct
CUST-01705,2025-04-16,UAE,Mid-Market,Organic
CUST-01706,2025-12-21,Germany,Enterprise,Paid Search
CUST-01707,2024-02-20,US,Mid-Market,Partner
CUST-01708,2024-12-18,India,Consumer,Referral
CUST-01709,2025-04-19,UK,Consumer,Direct
CUST-01710,2025-03-13,Germany,Enterprise,Partner
CUST-01711,2025-05-02,UAE,Consumer,Paid Search
CUST-01712,2025-03-30,UK,Consumer,Referral
CUST-01713,2026-04-18,Germany,Mid-Market,Partner
CUST-01714,2025-10-07,UAE,Consumer,Organic
CUST-01715,2025-12-19,US,SMB,Direct
CUST-01716,2024-02-22,UAE,Consumer,Organic
CUST-01717,2024-09-24,US,SMB,Direct
CUST-01718,2025-03-11,UK,Consumer,Direct
CUST-01719,2025-06-02,UK,Mid-Market,Paid Search
CUST-01720,2024-08-16,US,SMB,Direct
CUST-01721,2025-07-15,Germany,SMB,Direct
CUST-01722,2025-08-15,UK,Consumer,Direct
CUST-01723,2024-10-18,Germany,Mid-Market,Partner
CUST-01724,2024-12-16,India,Consumer,Direct
CUST-01725,2025-09-25,India,Mid-Market,Referral
CUST-01726,2025-02-02,UK,Consumer,Referral
CUST-01727,2026-04-17,UK,Enterprise,Referral
CUST-01728,2024-06-12,UK,Consumer,Referral
CUST-01729,2026-05-03,Germany,Mid-Market,Direct
CUST-01730,2025-01-20,Germany,SMB,Partner
CUST-01731,2026-05-02,UK,SMB,Referral
CUST-01732,2025-12-26,India,SMB,Organic
CUST-01733,2026-01-06,US,Mid-Market,Paid Search
CUST-01734,2024-01-06,India,SMB,Referral
CUST-01735,2024-09-06,India,Consumer,Organic
CUST-01736,2025-11-02,UK,Consumer,Referral
CUST-01737,2024-01-01,UAE,SMB,Organic
CUST-01738,2024-02-08,US,SMB,Direct
CUST-01739,2026-06-09,India,Mid-Market,Direct
CUST-01740,2025-02-21,UAE,Mid-Market,Direct
CUST-01741,2026-06-09,US,Consumer,Direct
CUST-01742,2026-01-05,UK,SMB,Referral
CUST-01743,2026-04-12,India,Mid-Market,Paid Search
CUST-01744,2024-01-16,UK,Consumer,Partner
CUST-01745,2025-10-22,UK,Consumer,Partner
CUST-01746,2024-08-21,US,Consumer,Partner
CUST-01747,2025-08-30,US,Mid-Market,Direct
CUST-01748,2025-11-05,India,SMB,Partner
CUST-01749,2025-02-08,UK,SMB,Organic
CUST-01750,2024-10-14,UAE,Mid-Market,Referral
CUST-01751,2025-02-02,UK,Enterprise,Organic
CUST-01752,2026-05-01,UK,Mid-Market,Direct
CUST-01753,2024-02-25,India,Consumer,Organic
CUST-01754,2026-03-21,India,SMB,Organic
CUST-01755,2024-05-05,UK,Enterprise,Partner
CUST-01756,2024-12-15,India,SMB,Organic
CUST-01757,2025-05-16,UAE,Consumer,Partner
CUST-01758,2024-05-04,Germany,Consumer,Organic
CUST-01759,2026-05-24,Germany,Consumer,Paid Search
CUST-01760,2026-04-13,UK,SMB,Organic
CUST-01761,2026-06-09,UK,Consumer,Direct
CUST-01762,2024-07-17,India,Mid-Market,Direct
CUST-01763,2026-01-15,Germany,Consumer,Referral
CUST-01764,2025-03-04,UK,SMB,Direct
CUST-01765,2024-02-08,US,Consumer,Paid Search
CUST-01766,2026-04-21,Germany,Mid-Market,Referral
CUST-01767,2025-08-20,US,Enterprise,Organic
CUST-01768,2024-01-11,UAE,SMB,Partner
CUST-01769,2024-10-25,Germany,Consumer,Referral
CUST-01770,2025-07-24,India,Mid-Market,Partner
CUST-01771,2025-06-02,UK,SMB,Partner
CUST-01772,2024-05-18,UK,Mid-Market,Paid Search
CUST-01773,2025-12-28,UK,Mid-Market,Paid Search
CUST-01774,2024-08-13,UK,SMB,Paid Search
CUST-01775,2025-11-13,India,SMB,Organic
CUST-01776,2025-05-31,Germany,Consumer,Organic
CUST-01777,2024-05-06,Germany,Mid-Market,Direct
CUST-01778,2025-06-02,UK,Consumer,Referral
CUST-01779,2024-08-15,UK,Consumer,Partner
CUST-01780,2025-03-19,US,Consumer,Organic
CUST-01781,2025-05-16,UK,SMB,Partner
CUST-01782,2026-06-19,UAE,Consumer,Paid Search
CUST-01783,2024-04-11,UK,Consumer,Partner
CUST-01784,2024-01-14,UAE,Mid-Market,Partner
CUST-01785,2026-06-26,UAE,SMB,Organic
CUST-01786,2026-03-23,India,SMB,Paid Search
CUST-01787,2025-04-11,UK,Consumer,Paid Search
CUST-01788,2024-12-12,UAE,Mid-Market,Organic
CUST-01789,2026-01-07,UK,SMB,Referral
CUST-01790,2024-10-04,UAE,Consumer,Referral
CUST-01791,2026-06-03,UK,SMB,Organic
CUST-01792,2024-05-07,India,Mid-Market,Organic
CUST-01793,2024-12-03,UK,Consumer,Direct
CUST-01794,2025-06-15,US,Consumer,Paid Search
CUST-01795,2025-05-09,US,SMB,Paid Search
CUST-01796,2025-07-30,US,SMB,Partner
CUST-01797,2024-05-09,UK,Consumer,Paid Search
CUST-01798,2024-10-18,UK,Mid-Market,Direct
CUST-01799,2025-03-22,US,Mid-Market,Referral
CUST-01800,2024-02-22,UK,Consumer,Paid Search
CUST-01801,2024-08-08,India,Enterprise,Paid Search
CUST-01802,2026-02-20,UK,Consumer,Paid Search
CUST-01803,2026-03-15,UAE,Mid-Market,Direct
CUST-01804,2025-12-14,Germany,Consumer,Paid Search
CUST-01805,2025-10-27,India,Consumer,Partner
CUST-01806,2025-10-27,Germany,Mid-Market,Organic
CUST-01807,2026-01-06,US,Consumer,Paid Search
CUST-01808,2025-01-15,US,SMB,Paid Search
CUST-01809,2026-06-02,Germany,Mid-Market,Paid Search
CUST-01810,2026-03-03,US,Consumer,Organic
CUST-01811,2024-05-06,UAE,Consumer,Direct
CUST-01812,2025-07-19,UAE,Mid-Market,Paid Search
CUST-01813,2025-02-15,Germany,Enterprise,Partner
CUST-01814,2025-06-23,UAE,SMB,Partner
CUST-01815,2025-11-17,UAE,Consumer,Organic
CUST-01816,2024-08-24,US,SMB,Partner
CUST-01817,2024-04-27,Germany,Enterprise,Referral
CUST-01818,2025-07-28,UK,Enterprise,Organic
CUST-01819,2024-01-10,Germany,Consumer,Organic
CUST-01820,2026-03-21,Germany,SMB,Direct
CUST-01821,2026-03-09,US,Consumer,Partner
CUST-01822,2025-05-01,India,Consumer,Organic
CUST-01823,2024-02-21,UK,Mid-Market,Organic
CUST-01824,2024-10-18,India,SMB,Partner
CUST-01825,2024-03-04,UK,Mid-Market,Organic
CUST-01826,2026-05-28,UK,SMB,Partner
CUST-01827,2026-06-07,UK,SMB,Organic
CUST-01828,2024-11-14,UK,SMB,Referral
CUST-01829,2025-06-01,UAE,SMB,Paid Search
CUST-01830,2024-11-07,UK,Mid-Market,Partner
CUST-01831,2026-01-01,UAE,Mid-Market,Referral
CUST-01832,2025-09-01,UK,Consumer,Direct
CUST-01833,2025-03-11,UK,SMB,Partner
CUST-01834,2025-11-24,India,Consumer,Organic
CUST-01835,2024-02-27,Germany,Consumer,Paid Search
CUST-01836,2024-03-13,UK,Consumer,Referral
CUST-01837,2025-08-18,US,Mid-Market,Referral
CUST-01838,2026-03-17,UAE,SMB,Direct
CUST-01839,2026-05-19,UK,Consumer,Direct
CUST-01840,2025-01-16,India,Consumer,Paid Search
CUST-01841,2026-06-26,UK,Consumer,Paid Search
CUST-01842,2026-04-23,UK,SMB,Paid Search
CUST-01843,2025-11-04,US,Consumer,Organic
CUST-01844,2024-04-28,Germany,SMB,Organic
CUST-01845,2024-11-13,US,Consumer,Paid Search
CUST-01846,2024-01-08,India,Mid-Market,Organic
CUST-01847,2025-01-26,UK,Consumer,Referral
CUST-01848,2024-08-08,UAE,Enterprise,Referral
CUST-01849,2025-02-09,Germany,Consumer,Direct
CUST-01850,2024-08-05,India,Mid-Market,Referral
CUST-01851,2024-05-07,India,Consumer,Paid Search
CUST-01852,2024-02-04,UK,SMB,Organic
CUST-01853,2026-03-10,UAE,Consumer,Organic
CUST-01854,2024-06-01,UK,SMB,Partner
CUST-01855,2025-10-20,UAE,Enterprise,Referral
CUST-01856,2025-09-27,UAE,Consumer,Referral
CUST-01857,2025-06-18,UAE,SMB,Organic
CUST-01858,2024-09-29,India,Mid-Market,Referral
CUST-01859,2025-12-12,India,Mid-Market,Direct
CUST-01860,2024-03-24,UAE,Mid-Market,Referral
CUST-01861,2025-06-08,UK,Consumer,Partner
CUST-01862,2025-07-05,UK,Mid-Market,Direct
CUST-01863,2025-04-06,Germany,Consumer,Direct
CUST-01864,2025-02-24,India,Enterprise,Referral
CUST-01865,2024-05-03,Germany,Consumer,Direct
CUST-01866,2024-12-08,UAE,SMB,Direct
CUST-01867,2026-05-11,Germany,SMB,Partner
CUST-01868,2024-05-28,US,Enterprise,Paid Search
CUST-01869,2025-04-11,UK,Consumer,Direct
CUST-01870,2024-04-20,India,Enterprise,Partner
CUST-01871,2025-09-24,UK,SMB,Direct
CUST-01872,2025-08-26,UK,Enterprise,Direct
CUST-01873,2024-06-29,US,SMB,Partner
CUST-01874,2024-08-15,UK,Mid-Market,Referral
CUST-01875,2025-08-12,India,SMB,Referral
CUST-01876,2025-08-28,UK,Mid-Market,Referral
CUST-01877,2024-08-29,India,Mid-Market,Paid Search
CUST-01878,2025-10-23,UAE,Enterprise,Referral
CUST-01879,2025-07-21,UK,Consumer,Paid Search
CUST-01880,2024-11-25,US,Consumer,Referral
CUST-01881,2024-07-21,Germany,Enterprise,Partner
CUST-01882,2024-01-10,Germany,Enterprise,Paid Search
CUST-01883,2025-03-03,India,Mid-Market,Direct
CUST-01884,2024-02-25,UK,Consumer,Partner
CUST-01885,2026-03-15,US,SMB,Organic
CUST-01886,2025-08-28,UAE,Mid-Market,Paid Search
CUST-01887,2024-04-19,US,SMB,Partner
CUST-01888,2025-11-13,UK,SMB,Organic
CUST-01889,2025-04-12,India,SMB,Organic
CUST-01890,2024-04-23,India,SMB,Partner
CUST-01891,2025-12-11,US,Consumer,Paid Search
CUST-01892,2024-09-06,US,Consumer,Referral
CUST-01893,2025-10-13,Germany,Enterprise,Paid Search
CUST-01894,2026-06-01,US,Mid-Market,Direct
CUST-01895,2025-05-09,UK,Enterprise,Direct
CUST-01896,2025-02-02,India,SMB,Referral
CUST-01897,2024-01-15,US,SMB,Organic
CUST-01898,2025-06-20,US,Mid-Market,Direct
CUST-01899,2026-05-24,US,SMB,Organic
CUST-01900,2025-02-24,UAE,Consumer,Organic
CUST-01901,2025-12-11,UK,Consumer,Direct
CUST-01902,2025-11-22,US,Consumer,Paid Search
CUST-01903,2024-12-29,UK,Mid-Market,Direct
CUST-01904,2026-02-02,UAE,Mid-Market,Partner
CUST-01905,2025-11-26,UK,SMB,Direct
CUST-01906,2024-10-25,UK,SMB,Partner
CUST-01907,2025-09-27,India,SMB,Organic
CUST-01908,2025-10-01,Germany,SMB,Paid Search
CUST-01909,2026-02-17,US,Mid-Market,Paid Search
CUST-01910,2024-02-17,US,SMB,Paid Search
CUST-01911,2024-02-02,UK,SMB,Direct
CUST-01912,2025-02-03,India,SMB,Partner
CUST-01913,2024-02-06,UAE,Consumer,Paid Search
CUST-01914,2025-03-30,UAE,Consumer,Direct
CUST-01915,2026-02-14,US,SMB,Partner
CUST-01916,2025-08-23,US,Consumer,Direct
CUST-01917,2025-08-23,UK,Consumer,Paid Search
CUST-01918,2025-03-17,US,Enterprise,Referral
CUST-01919,2025-02-28,UAE,Enterprise,Paid Search
CUST-01920,2024-07-11,US,Consumer,Direct
CUST-01921,2026-03-24,UK,Mid-Market,Partner
CUST-01922,2026-05-25,India,Consumer,Organic
CUST-01923,2025-09-14,US,Mid-Market,Partner
CUST-01924,2024-01-10,UK,Consumer,Paid Search
CUST-01925,2025-04-28,UK,Consumer,Referral
CUST-01926,2026-06-30,India,SMB,Organic
CUST-01927,2024-09-01,UAE,Consumer,Referral
CUST-01928,2025-11-01,Germany,Consumer,Referral
CUST-01929,2026-03-20,UK,Consumer,Direct
CUST-01930,2025-12-28,India,Consumer,Referral
CUST-01931,2025-01-11,US,Consumer,Paid Search
CUST-01932,2024-09-07,US,Consumer,Direct
CUST-01933,2024-02-15,India,Mid-Market,Direct
CUST-01934,2025-12-01,US,Mid-Market,Direct
CUST-01935,2024-05-24,UAE,Consumer,Referral
CUST-01936,2024-06-01,India,Consumer,Referral
CUST-01937,2025-07-20,UK,SMB,Partner
CUST-01938,2025-11-30,Germany,Mid-Market,Direct
CUST-01939,2026-03-07,UK,SMB,Organic
CUST-01940,2024-09-18,UK,Mid-Market,Paid Search
CUST-01941,2025-01-08,India,Mid-Market,Direct
CUST-01942,2026-05-05,UAE,Mid-Market,Paid Search
CUST-01943,2024-04-07,UAE,Mid-Market,Referral
CUST-01944,2025-10-09,US,Consumer,Direct
CUST-01945,2024-07-24,UK,Consumer,Organic
CUST-01946,2026-03-16,US,Consumer,Partner
CUST-01947,2024-08-27,UK,SMB,Direct
CUST-01948,2026-02-22,UK,Consumer,Partner
CUST-01949,2024-01-23,US,Consumer,Paid Search
CUST-01950,2024-04-28,US,Consumer,Partner
CUST-01951,2025-11-04,UK,SMB,Partner
CUST-01952,2026-04-25,India,SMB,Organic
CUST-01953,2024-04-28,UAE,SMB,Paid Search
CUST-01954,2024-02-10,UAE,SMB,Partner
CUST-01955,2024-03-22,UK,Enterprise,Partner
CUST-01956,2024-01-21,UAE,SMB,Partner
CUST-01957,2026-05-30,UK,Consumer,Referral
CUST-01958,2024-08-27,UK,Consumer,Paid Search
CUST-01959,2024-03-08,US,Consumer,Referral
CUST-01960,2026-06-01,US,SMB,Referral
CUST-01961,2025-04-25,UK,SMB,Partner
CUST-01962,2025-05-05,UK,Enterprise,Referral
CUST-01963,2025-01-26,India,SMB,Partner
CUST-01964,2024-07-05,India,SMB,Partner
CUST-01965,2024-12-09,US,SMB,Direct
CUST-01966,2024-06-18,UK,Consumer,Paid Search
CUST-01967,2025-01-06,US,Mid-Market,Referral
CUST-01968,2024-05-01,India,SMB,Direct
CUST-01969,2024-10-30,UAE,Enterprise,Organic
CUST-01970,2026-02-19,UK,Consumer,Paid Search
CUST-01971,2026-03-17,Germany,Mid-Market,Partner
CUST-01972,2024-05-27,India,Consumer,Partner
CUST-01973,2025-03-19,Germany,Consumer,Direct
CUST-01974,2025-03-07,UAE,SMB,Referral
CUST-01975,2025-12-08,US,Mid-Market,Partner
CUST-01976,2026-01-31,India,Consumer,Direct
CUST-01977,2026-04-08,UK,Mid-Market,Referral
CUST-01978,2024-04-23,India,Mid-Market,Direct
CUST-01979,2026-04-08,UK,Mid-Market,Organic
CUST-01980,2024-05-15,India,Mid-Market,Paid Search
CUST-01981,2025-01-31,UAE,SMB,Organic
CUST-01982,2024-08-18,India,Consumer,Organic
CUST-01983,2024-01-25,US,Consumer,Organic
CUST-01984,2026-05-18,UAE,SMB,Partner
CUST-01985,2026-04-23,Germany,SMB,Partner
CUST-01986,2024-09-28,US,SMB,Direct
CUST-01987,2024-03-10,UK,Mid-Market,Referral
CUST-01988,2025-04-07,UAE,Consumer,Partner
CUST-01989,2025-03-08,US,Mid-Market,Direct
CUST-01990,2024-02-16,UAE,Consumer,Partner
CUST-01991,2024-06-25,UK,Mid-Market,Referral
CUST-01992,2025-11-03,UK,Consumer,Direct
CUST-01993,2026-05-16,UK,Mid-Market,Referral
CUST-01994,2025-07-15,Germany,SMB,Organic
CUST-01995,2026-03-03,Germany,Consumer,Paid Search
CUST-01996,2024-09-11,UAE,Consumer,Referral
CUST-01997,2025-08-12,UK,SMB,Referral
CUST-01998,2024-06-20,UK,SMB,Direct
CUST-01999,2024-10-18,UK,Consumer,Direct
CUST-02000,2024-05-27,UK,Consumer,Partner
CUST-02001,2025-03-06,UAE,Consumer,Partner
CUST-02002,2026-02-09,UAE,SMB,Referral
CUST-02003,2024-12-18,UAE,Consumer,Referral
CUST-02004,2025-12-28,India,Consumer,Organic
CUST-02005,2025-07-25,India,Enterprise,Partner
CUST-02006,2024-03-16,UK,Enterprise,Partner
CUST-02007,2026-03-03,US,SMB,Partner
CUST-02008,2026-05-18,India,Consumer,Referral
CUST-02009,2026-06-26,UK,Consumer,Partner
CUST-02010,2024-09-17,UK,Consumer,Referral
CUST-02011,2025-08-23,UK,Mid-Market,Organic
CUST-02012,2026-02-27,Germany,Consumer,Paid Search
CUST-02013,2025-07-05,India,Consumer,Referral
CUST-02014,2025-01-17,Germany,Enterprise,Referral
CUST-02015,2025-10-01,UAE,Consumer,Referral
CUST-02016,2024-03-05,India,Mid-Market,Referral
CUST-02017,2024-05-27,UK,Enterprise,Partner
CUST-02018,2024-02-16,India,Consumer,Organic
CUST-02019,2026-06-29,Germany,SMB,Organic
CUST-02020,2025-11-02,UAE,Consumer,Paid Search
CUST-02021,2025-07-09,India,Mid-Market,Paid Search
CUST-02022,2025-01-14,US,Consumer,Referral
CUST-02023,2024-12-13,Germany,Consumer,Organic
CUST-02024,2025-09-25,UK,Mid-Market,Partner
CUST-02025,2026-03-30,US,Consumer,Referral
CUST-02026,2026-01-09,US,Consumer,Direct
CUST-02027,2026-03-15,UK,Mid-Market,Partner
CUST-02028,2024-07-29,US,Consumer,Paid Search
CUST-02029,2024-11-14,India,Mid-Market,Referral
CUST-02030,2024-02-03,India,Consumer,Paid Search
CUST-02031,2024-10-17,India,SMB,Direct
CUST-02032,2026-03-29,US,Mid-Market,Referral
CUST-02033,2024-06-13,UAE,Enterprise,Referral
CUST-02034,2024-10-09,UAE,Mid-Market,Paid Search
CUST-02035,2024-02-10,UAE,Consumer,Paid Search
CUST-02036,2025-09-05,India,SMB,Referral
CUST-02037,2024-11-03,US,Mid-Market,Paid Search
CUST-02038,2025-04-08,India,SMB,Referral
CUST-02039,2025-03-27,US,SMB,Partner
CUST-02040,2026-05-11,Germany,Consumer,Paid Search
CUST-02041,2025-12-23,UK,SMB,Paid Search
CUST-02042,2025-02-14,US,SMB,Direct
CUST-02043,2024-05-01,UAE,SMB,Partner
CUST-02044,2024-08-16,Germany,SMB,Direct
CUST-02045,2026-04-10,UK,Consumer,Referral
CUST-02046,2025-03-04,US,Mid-Market,Paid Search
CUST-02047,2026-01-21,US,Consumer,Referral
CUST-02048,2025-10-05,India,SMB,Partner
CUST-02049,2024-02-15,US,Mid-Market,Paid Search
CUST-02050,2025-01-18,UK,Consumer,Partner
CUST-02051,2025-09-14,Germany,Enterprise,Organic
CUST-02052,2025-06-18,Germany,Consumer,Direct
CUST-02053,2025-10-23,UK,SMB,Partner
CUST-02054,2025-10-06,UAE,SMB,Referral
CUST-02055,2026-02-28,UAE,Consumer,Referral
CUST-02056,2025-04-04,US,Enterprise,Organic
CUST-02057,2024-04-09,UK,Mid-Market,Organic
CUST-02058,2025-08-29,US,SMB,Direct
CUST-02059,2026-02-12,India,Enterprise,Direct
CUST-02060,2024-05-12,UK,Consumer,Direct
CUST-02061,2026-02-07,US,SMB,Referral
CUST-02062,2025-06-05,US,Consumer,Partner
CUST-02063,2025-04-28,US,Mid-Market,Direct
CUST-02064,2026-05-21,UK,Enterprise,Direct
CUST-02065,2025-01-06,UK,Consumer,Referral
CUST-02066,2026-06-02,India,Enterprise,Direct
CUST-02067,2026-03-23,UK,SMB,Referral
CUST-02068,2026-01-29,Germany,Enterprise,Referral
CUST-02069,2025-09-11,India,Consumer,Referral
CUST-02070,2025-06-27,India,SMB,Partner
CUST-02071,2025-05-10,UK,SMB,Organic
CUST-02072,2026-01-16,India,Mid-Market,Referral
CUST-02073,2024-06-24,Germany,Consumer,Organic
CUST-02074,2025-09-05,UK,SMB,Partner
CUST-02075,2025-03-09,Germany,Mid-Market,Partner
CUST-02076,2024-09-01,India,SMB,Organic
CUST-02077,2025-10-18,Germany,Mid-Market,Referral
CUST-02078,2025-05-26,UK,Mid-Market,Paid Search
CUST-02079,2025-01-30,US,Mid-Market,Direct
CUST-02080,2025-06-17,Germany,Consumer,Partner
CUST-02081,2025-02-04,UK,Consumer,Partner
CUST-02082,2025-01-22,UK,Mid-Market,Organic
CUST-02083,2024-06-01,India,Consumer,Direct
CUST-02084,2026-01-17,UK,SMB,Direct
CUST-02085,2025-11-11,UAE,Mid-Market,Direct
CUST-02086,2025-02-20,India,SMB,Paid Search
CUST-02087,2024-01-20,UK,Consumer,Partner
CUST-02088,2025-02-18,UK,SMB,Organic
CUST-02089,2024-09-15,India,SMB,Referral
CUST-02090,2024-03-07,US,Consumer,Partner
CUST-02091,2025-04-05,US,Consumer,Organic
CUST-02092,2026-03-12,India,Mid-Market,Organic
CUST-02093,2024-01-08,India,Consumer,Direct
CUST-02094,2024-12-10,UK,SMB,Organic
CUST-02095,2025-10-12,UK,Consumer,Organic
CUST-02096,2026-05-20,UK,Mid-Market,Partner
CUST-02097,2024-01-04,US,Enterprise,Paid Search
CUST-02098,2025-06-05,India,SMB,Referral
CUST-02099,2024-10-19,UK,SMB,Referral
CUST-02100,2025-11-07,Germany,Consumer,Organic
CUST-02101,2025-08-23,UAE,SMB,Paid Search
CUST-02102,2024-03-13,Germany,Consumer,Partner
CUST-02103,2026-01-03,US,Consumer,Direct
CUST-02104,2024-07-29,Germany,Consumer,Referral
CUST-02105,2024-11-12,UK,SMB,Partner
CUST-02106,2024-07-17,UK,SMB,Referral
CUST-02107,2024-04-09,India,Consumer,Referral
CUST-02108,2024-02-11,India,SMB,Partner
CUST-02109,2024-04-28,Germany,Consumer,Referral
CUST-02110,2024-04-14,UK,Enterprise,Paid Search
CUST-02111,2024-01-15,US,SMB,Paid Search
CUST-02112,2025-03-16,Germany,SMB,Paid Search
CUST-02113,2026-05-05,UAE,Consumer,Organic
CUST-02114,2025-01-26,US,Mid-Market,Referral
CUST-02115,2024-08-25,US,Enterprise,Direct
CUST-02116,2024-03-07,US,Enterprise,Partner
CUST-02117,2025-06-05,Germany,Consumer,Organic
CUST-02118,2024-11-05,US,SMB,Direct
CUST-02119,2025-04-20,US,Mid-Market,Organic
CUST-02120,2025-01-05,UK,Consumer,Partner
CUST-02121,2025-06-30,UK,Consumer,Referral
CUST-02122,2024-10-31,India,Consumer,Referral
CUST-02123,2026-06-03,India,Mid-Market,Organic
CUST-02124,2024-07-01,India,Consumer,Paid Search
CUST-02125,2024-11-01,US,SMB,Direct
CUST-02126,2024-03-21,UK,Consumer,Organic
CUST-02127,2025-05-02,India,SMB,Partner
CUST-02128,2025-06-25,US,SMB,Organic
CUST-02129,2024-06-10,UK,Consumer,Referral
CUST-02130,2024-05-30,Germany,Enterprise,Direct
CUST-02131,2024-03-16,US,Consumer,Direct
CUST-02132,2024-04-26,UAE,Consumer,Paid Search
CUST-02133,2026-03-02,Germany,Consumer,Direct
CUST-02134,2025-02-27,UAE,Enterprise,Partner
CUST-02135,2026-06-02,US,Consumer,Paid Search
CUST-02136,2024-01-14,UK,SMB,Organic
CUST-02137,2025-05-18,India,Consumer,Direct
CUST-02138,2024-03-10,India,SMB,Partner
CUST-02139,2025-08-11,UK,SMB,Referral
CUST-02140,2025-05-21,UK,Consumer,Paid Search
CUST-02141,2024-07-30,UK,Mid-Market,Partner
CUST-02142,2024-01-02,India,Consumer,Referral
CUST-02143,2026-06-28,US,SMB,Referral
CUST-02144,2024-06-02,UK,Enterprise,Direct
CUST-02145,2024-07-31,US,Consumer,Organic
CUST-02146,2025-04-14,UK,SMB,Paid Search
CUST-02147,2024-12-30,UK,SMB,Referral
CUST-02148,2024-08-03,India,Mid-Market,Partner
CUST-02149,2024-04-17,UAE,SMB,Referral
CUST-02150,2024-08-31,UK,Consumer,Paid Search
CUST-02151,2024-02-20,India,SMB,Direct
CUST-02152,2026-03-16,UAE,Mid-Market,Paid Search
CUST-02153,2026-03-09,UK,SMB,Paid Search
CUST-02154,2025-11-19,UAE,Consumer,Partner
CUST-02155,2025-10-05,India,SMB,Referral
CUST-02156,2024-05-13,UK,SMB,Organic
CUST-02157,2024-10-14,US,Consumer,Organic
CUST-02158,2024-01-02,US,Enterprise,Direct
CUST-02159,2024-06-22,US,Enterprise,Paid Search
CUST-02160,2025-05-17,UK,SMB,Paid Search
CUST-02161,2024-01-31,UK,Consumer,Paid Search
CUST-02162,2026-05-02,Germany,Consumer,Organic
CUST-02163,2024-03-06,UAE,SMB,Direct
CUST-02164,2024-11-26,UK,SMB,Direct
CUST-02165,2024-08-19,India,Consumer,Organic
CUST-02166,2025-04-05,US,Mid-Market,Partner
CUST-02167,2025-05-31,India,Consumer,Partner
CUST-02168,2025-10-14,UK,Mid-Market,Paid Search
CUST-02169,2025-12-07,India,Mid-Market,Organic
CUST-02170,2026-01-12,UK,SMB,Partner
CUST-02171,2025-08-11,India,Consumer,Partner
CUST-02172,2024-02-25,UAE,Consumer,Partner
CUST-02173,2026-05-25,India,Mid-Market,Paid Search
CUST-02174,2026-02-22,US,SMB,Organic
CUST-02175,2024-08-06,Germany,SMB,Referral
CUST-02176,2026-02-04,US,Mid-Market,Organic
CUST-02177,2025-02-11,Germany,Mid-Market,Partner
CUST-02178,2024-08-03,US,Consumer,Referral
CUST-02179,2024-08-21,Germany,Consumer,Partner
CUST-02180,2026-04-03,US,SMB,Partner
CUST-02181,2025-10-09,US,Mid-Market,Paid Search
CUST-02182,2024-02-18,UK,Consumer,Referral
CUST-02183,2025-04-21,India,Enterprise,Organic
CUST-02184,2025-10-08,US,Consumer,Direct
CUST-02185,2025-05-14,India,Consumer,Partner
CUST-02186,2024-04-08,India,SMB,Partner
CUST-02187,2024-12-15,Germany,Consumer,Partner
CUST-02188,2025-02-01,Germany,Enterprise,Referral
CUST-02189,2025-08-15,UK,Mid-Market,Direct
CUST-02190,2025-02-01,US,SMB,Referral
CUST-02191,2024-05-15,Germany,Consumer,Direct
CUST-02192,2025-02-03,US,Consumer,Partner
CUST-02193,2024-10-23,US,Enterprise,Direct
CUST-02194,2024-03-08,UK,SMB,Paid Search
CUST-02195,2025-02-23,Germany,SMB,Paid Search
CUST-02196,2026-02-08,UAE,SMB,Referral
CUST-02197,2026-02-21,India,Mid-Market,Paid Search
CUST-02198,2025-12-27,UK,Consumer,Paid Search
CUST-02199,2024-08-30,UK,SMB,Direct
CUST-02200,2025-03-16,UK,SMB,Referral
